Name of dam,Country,ISO alpha- 3,GAUL CODE,"Administrative
Unit",Nearest city,River,Major basin,Sub-basin,"Completed /
operational since",Dam height (m),Reservoir capacity (million m3),"Sedimen-tation  rate 
(circa 1995) 
(%) ",Reservoir  area (thousand m2),Purpose,,,,,,,,,Latitude,,,,Longitude,,,,Decimal degree latitude,Decimal degree longitude,National reference(s),Other reference(s),Validated,Notes 
,,,,,,,,,,,,,,Irrigation ,Water supply,Flood control,Hydroelectricity,Navigation,Recreation,Pollution control,Livestock rearing,Other,,°,','',,°,','',,,,,,
Ain Dalia,Algeria,DZA,4,Souk-Ahras,Souk-Ahras,Medjerdah,Mediterranean Coast,Algerian east coast,1987,64,   82.0,, 4 840,,x,,,,,,,,N,36,15,44,E,7,51,47,36.262,7.863,,,x,
Ain Zada,Algeria,DZA,4,Setif,Bb Arreridj,Bou Sellam,Mediterranean Coast,Algerian east coast,1986,50,   125.0,, 12 000,x,x,,,,,,,,N,36,17,50,E,5,4,0,36.297,5.067,,,,
Babar,Algeria,DZA,4,Khenchela,,,,,1985,,   41.0,,,x,,,,,,,,,,,,,,,,,,,,,,
Bakhadda,Algeria,DZA,4,Tiaret,Tiaret,Mina,Mediterranean Coast,Chelif,1935,60,   56.0,21.8, 4 575,x,x,,,,,,,,N,35,20,44,E,1,2,11,35.346,1.036,,,x,
Beni Bahdel,Algeria,DZA,4,Tlemcen,Maghnia,Tafna,Mediterranean Coast,Algerian west coast,1946,55,   63.0,11.9, 3 412,x,x,,,,,,,,N,34,42,39,W,1,30,9,34.711,-1.503,,,x,
Beni Zid,Algeria,DZA,4,Skikda,,,,,1993,,   40.0,,,,x,,,,,,,,,,,,,,,,,,,,,
Beni-Amran,Algeria,DZA,4,Boumerdes,,,,,1988,,   16.0,,,,,,,,,,,,,,,,,,,,,,,,,
Bou Hanifia,Algeria,DZA,4,Mascara,Bou Hanifia,El Hamkam,Mediterranean Coast,Algerian west coast,1948,99,   73.0,33.7, 5 369,x,x,,,,,,,,N,35,17,30,W,0,4,35,35.292,-0.076,,,x,
Bou Roumi,Algeria,DZA,4,Ain-Defla,Bou Medfa,Bou Roumi,Mediterranean Coast,Algerian east coast,1985,100,   188.0,, 6 300,x,,,,,,,,,N,36,20,44,E,2,33,56,36.346,2.566,,,x,
Boughzoul,Algeria,DZA,4,Medea,Boghari,Nahar Ouasel,Mediterranean Coast,Chelif,1934,14,   55.0,, 24 000,x,,x,,,,,,,N,35,44,54,E,2,46,33,35.748,2.776,,,x,
Boukourdane,Algeria,DZA,4,Tipaza,,,,,1992,,   97.0,,,x,x,,,,,,,,N,36,32,2,E,2,18,17,36.534,2.305,,,,
Brezina,Algeria,DZA,4,El Bayadh,,,,,2001,,   122.5,,,x,,,,,,,,,,,,,,,,,,,,,,
Cheffia,Algeria,DZA,4,El-Tarf,Annaba,B. Namoussa,Mediterranean Coast,Algerian east coast,1965,50,   171.0,, 9 870,x,x,,,,,,,,N,36,36,34,E,8,2,33,36.609,8.043,,,x,
Cheurfas,Algeria,DZA,4,Mascara,Sig,Mekerra,Mediterranean Coast,Algerian west coast,1935,37,   14.0,,  605,x,,,,,,,,,N,35,30,0,W,0,12,10,35.500,-0.203,,,,
Cheurfas II,Algeria,DZA,4,Mascara,,,,,1992,,   82.0,1.2,,x,,,,,,,,,,,,,,,,,,,,,,
Colonel Bougara,Algeria,DZA,4,Tiaret,Tiaret,Nahr Ouassel,Mediterranean Coast,Chelif,1988,18,   13.0,, 5 100,x,,,,,,,,,N,35,31,10,E,1,40,50,35.519,1.681,,,,
Dahmouni,Algeria,DZA,4,Tiaret,Tiaret,Nahr Ouassel,Mediterranean Coast,Chelif,1987,41,   41.0,5.9, 6 000,x,,,,,,,,,N,35,25,36,E,1,33,49,35.427,1.564,,,x,
Deurdeur,Algeria,DZA,4,Ain Defla,T. B. Ziad,Deurdeur,,,1984,55,   115.0,, 6 550,x,,,,,,,,,,,,,,,,,,,,,,
Djorf Torba,Algeria,DZA,4,Bechar,Bechar,Guir,North Interior,Guir,1968,38,   350.0,, 57 150,x,x,,,,,,,,N,31,30,38,W,2,46,17,31.511,-2.771,,,x,
El Agrem,Algeria,DZA,4,Jijel,Jijel,El Agrem,Mediterranean Coast,Algerian east coast,1992,60,   32.5,, 1 750,x,,,,,,,,,N,36,45,20,E,5,47,30,36.756,5.792,,,,
Erraguene,Algeria,DZA,4,Jijel,Z. Mansouria,Djen Djen,Mediterranean Coast,Algerian east coast,1963,82,   200.0,,,,,,x,,,,,,N,35,31,17,E,0,2,46,35.521,0.046,,,x,
Fergoug,Algeria,DZA,4,Mascara,Mohamadia,El Hammam,Mediterranean Coast,Algerian west coast,1970,44,   18.0,, 2 302,x,x,,,,,,,,N,35,31,20,E,0,3,10,35.522,0.053,,,x,
Fontaine des Gazelles,Algeria,DZA,4,Biskra,Biskra,El-Hai,North Interior,Chott Hodna,1990,42,   55.0,,,x,,,,,,,,,N,35,7,20,E,5,35,0,35.122,5.583,,,,
Foum El Gherza,Algeria,DZA,4,Biskra,Biskra,El Abiod,North Interior,Chott Hodna,1950,73,   47.0,, 3 256,x,,,,,,,,,N,34,51,50,E,5,55,30,34.864,5.925,,,x,
Foum El Gueiss,Algeria,DZA,4,Khenchela,Kais,Gueiss,North Interior,Chott Hodna,1939,27,   3.0,,  54,x,,,,,,,,,N,35,9,48,E,7,1,12,35.163,7.020,,,x,
Gargar,Algeria,DZA,4,Relizane,Oued Rhiou,Rhiou,Mediterranean Coast,Chelif,1988,70,   450.0,2.9, 21 000,x,,,,,,,,,N,35,57,50,E,0,58,0,35.964,0.967,,,,
Ghrib,Algeria,DZA,4,Ain-Defla,El Khemis,Cheliff,Mediterranean Coast,Chelif,1938,105,   280.0,48.1, 11 985,x,,,,,,,,,N,36,9,46,E,2,33,41,36.163,2.561,,,x,
Guenitra,Algeria,DZA,4,Skikda,Skikda,Fessa,Mediterranean Coast,Algerian east coast,1984,60,   125.0,, 10 000,x,x,,,,,,,,N,36,35,21,E,6,53,56,36.589,6.899,,,x,
H Boughara,Algeria,DZA,4,Tlemcen,,,,,1999,,   177.0,0.0,,,,,,,,,,,,,,,,,,,,,,,,
H. Debagh,Algeria,DZA,4,Guelma,,,,,1987,,   220.0,,,x,x,,,,,,,,,,,,,,,,,,,,,
H. Meskoutine,Algeria,DZA,4,Guelma,Guelma,B. Hamdane,Mediterranean Coast,Algerian east coast,1987,93,   220.0,, 11 000,x,,,,,,,,,N,36,27,41,E,7,14,17,36.461,7.238,,,x,
Hamiz,Algeria,DZA,4,Tipaza,K. El Khechna,Arbatache,Mediterranean Coast,Algerian east coast,1935,53,   21.0,, 1 187,x,,,,,,,,,N,36,27,20,E,2,25,0,36.456,2.417,,,,
Hammam Grouz,Algeria,DZA,4,Mila,O. Athmenia,Rhumel,Mediterranean Coast,Algerian east coast,1987,50,   45.0,, 5 000,,x,,,,,,,,N,36,14,1,E,6,16,51,36.234,6.281,,,x,
Harreza,Algeria,DZA,4,Ain-Defla,Ain Defla,Harreza,Mediterranean Coast,Chelif,1984,41,   70.0,1.1, 6 200,x,,,,,,,,,N,36,21,20,E,1,56,0,36.356,1.933,,,,
Ighil Emda,Algeria,DZA,4,Bejaia,Kherrata,Agrioum,Mediterranean Coast,Algerian east coast,1954,76,   160.0,,,,,,x,,,,,,N,36,28,26,E,5,16,19,36.474,5.272,,,x,
Keddara,Algeria,DZA,4,Boumerdes,Boudouaou,Boudouaou,Mediterranean Coast,Algerian east coast,1985,108,   145.6,, 5 200,,x,,,,,,,,N,36,37,29,E,3,27,20,36.625,3.456,,,x,
Ksob,Algeria,DZA,4,M'Sila,M'Sila,Ksob,North Interior,Chott Hodna,1939,46,   29.5,,,x,,,,,,,,,N,35,49,50,E,4,34,20,35.831,4.572,,,x,
Ladrat,Algeria,DZA,4,Medea,El Omaria,Ladrat,Mediterranean Coast,Algerian east coast,1988,44,   10.0,,  880,x,,,,,,,,,N,36,21,40,E,3,1,40,36.361,3.028,,,,
Lekhal,Algeria,DZA,4,Bouira,Ain Bessem,Lekhal,Mediterranean Coast,Algerian east coast,1985,43,   30.0,, 2 500,x,x,,,,,,,,N,36,15,41,E,3,42,56,36.261,3.716,,,x,
Meffrouch,Algeria,DZA,4,Tlemcen,Tlemcen,Meffrouch,Mediterranean Coast,Algerian west coast,1962,35,   15.0,3.3,,x,x,,,,,,,,N,34,57,50,W,1,27,10,34.964,-1.453,,,,
Merdja Sidi Abed,Algeria,DZA,4,Relizane,Oued Rhiou,-,Mediterranean Coast,Chelif,1984,16,   54.9,,,x,,,,,,,,,N,35,54,20,E,1,2,0,35.906,1.033,,,,
Meurad,Algeria,DZA,4,Tipaza,Hadjaout,Boudjambroum,Mediterranean Coast,Algerian east coast,1854,26,   0.3,,  75,x,,,,,,,,,N,36,32,2,E,2,18,21,36.534,2.306,,,x,
Mexa,Algeria,DZA,4,El Tarf,,,,,1998,,   51.5,,,,x,,,,,,,,,,,,,,,,,,,,,
O. Cherf,Algeria,DZA,4,S. Ahras,,,,,1995,,   157.0,,,x,,,,,,,,,,,,,,,,,,,,,,
Oued Fodda,Algeria,DZA,4,Chlef,O. Fodda,Fodda,Mediterranean Coast,Chelif,1932,101,   228.0,, 7 000,x,,,,,,,,,N,36,2,43,E,1,36,44,36.045,1.612,,,x,
Ouizert,Algeria,DZA,4,Mascara,Ain Fekkan,Sahouat,Mediterranean Coast,Algerian west coast,1985,60,   100.0,1.5, 7 000,x,x,,,,,,,,N,35,17,20,E,0,1,40,35.289,0.028,,,,
S.M.B. Aouda,Algeria,DZA,4,Relizane,Relizane,Mina,Mediterranean Coast,Chelif,1978,64,   235.0,9.0, 1 410,x,x,,,,,,,,N,35,34,23,E,0,35,14,35.573,0.587,,,x,
Sarno,Algeria,DZA,4,Mascara,S. B. Abbes,Sarno,Mediterranean Coast,Chelif,1953,33,   22.0,, 2 621,x,,,,,,,,,N,35,17,30,E,0,35,0,35.292,0.583,,,,
Sidi Abdelli,Algeria,DZA,4,Tlemcen,Tlemcen,Isser,Mediterranean Coast,Algerian west coast,1988,60,   110.0,0.1, 9 000,x,x,,,,,,,,N,35,5,31,W,1,8,13,35.092,-1.137,,,x,
Sidi Yakoub,Algeria,DZA,4,Chlef,El Asnam,Sly,Mediterranean Coast,Chelif,1983,87,   280.0,, 8 850,x,,,,,,,,,N,35,58,31,E,1,18,46,35.975,1.313,,,x,
Souani,Algeria,DZA,4,Tlemcen,Maghnia,-,Mediterranean Coast,Algerian west coast,1988,,   13.5,, 1 084,x,,,,,,,,,N,34,53,3,W,1,38,51,34.884,-1.648,,,x,
Taksebt,Algeria,DZA,4,T. Ouzou,,,,,2001,,   175.0,,,,,,,,,,,,,,,,,,,,,,,,,
Zardezas,Algeria,DZA,4,Constantine,El Harrouch,Saf Saf,Mediterranean Coast,Algerian east coast,1977,64,   31.0,, 2 058,x,x,,,,,,,,N,36,25,0,E,6,54,10,36.417,6.903,,,,
Zit Emba,Algeria,DZA,4,Skikda,,,,,2001,,   120.0,,,x,,,,,,,,,,,,,,,,,,,,,,
Biopio,Angola,AGO,8,Benguela,Lobito,Catumbela,South West Coast,Catumbela,1956,20,   2.2,,,,,,x,,,,,,S,12,28,15,E,13,43,55,-12.471,13.732,5,,x,
Cambambe,Angola,AGO,8,Kuanza Norte,Dondo,Cuanza,South West Coast,Cuanza,1963,68,   20.0,,,,,,x,,,,,,S,9,45,8,E,14,28,51,-9.752,14.481,5,,x,
Capanda,Angola,AGO,8,,,Cuanza,,,2004,110,  4 975.0,,,,,,x,,,,,,S,9,47,37,E,15,28,37,-9.794,15.477,,3,,
Chicapa I,Angola,AGO,8,Lunda Norte,Saurimo,Chicapa,Congo River Basin,Kasai,1988,16,   1.0,,,,,,x,,,,,,S,8,49,0,E,20,29,30,-8.817,20.492,,,,
Colui,Angola,AGO,8,Huila,Jamba,Colui,South West Coast,Cunene,1969,16,   11.0,, 4 300,,x,,,,,,,,S,14,41,57,E,16,0,50,-14.699,16.014,,,x,
Cunje II,Angola,AGO,8,Bie,Camacupa,Cunje,South West Coast,Cuanza,1988,24,   87.06,, 9 000,,,,x,,,,,,S,11,49,0,E,17,29,0,-11.817,17.483,,,,
Dungo,Angola,AGO,8,Benguela,Cubal,Cubal de Hana,South West Coast,Catumbela,1988,20,   57.0,, 11 470,x,,,,,,,,,S,12,59,8,E,14,9,4,-12.986,14.151,,,x,
Gandjelas,Angola,AGO,8,Huila,Chibia,Nene,South West Coast,Cunene,1988,30,   3.5,,,x,,,,,,,,,S,15,17,30,E,14,5,0,-15.292,14.083,,,,
Gove,Angola,AGO,8,Huambo,Cuima,Cunene,South West Coast,Cunene,1974,58,  2 574.0,, 178 200,x,,,x,,,,,,S,13,27,6,E,15,52,20,-13.452,15.872,5,,x,
Lamaum,Angola,AGO,8,,,Catumbela,,,,15,,,,,,,,,,,,,,,,,,,,,,,4,,,
Lomaum,Angola,AGO,8,Benguela,Ganda,Catumbela,South West Coast,Catumbela,1964,30,   0.7,,  280,,,,x,,,,,,S,12,44,0,E,14,27,0,-12.733,14.450,5,,,
Luachino,Angola,AGO,8,,,Luachino,,,,8,,,,,,,,,,,,,,,,,,,,,,,4,,,
Mabubas,Angola,AGO,8,Bengo,Caxito,Dande,South West Coast,Dande,1954,38,   61.7,,,,,,x,,,,,,S ,8,32,13,E,13,42,30,-8.537,13.708,5,,x,
Malonga,Angola,AGO,8,Huila,Cassinga,Calonga,South West Coast,Cunene,1968,23,   12.0,, 2 200,,x,,,,,,,,S,15,19,30,E,15,53,30,-15.325,15.892,5,,,
Matala,Angola,AGO,8,Huila,Matala,Cunene,South West Coast,Cunene,1954,16,   78.0,,,x,,,x,,,,,,S,14,44,30,E,15,2,40,-14.742,15.044,5,,x,
Quedas do Ruacanà,Angola,AGO,8,Cunene,Chitado,Cunene,South West Coast,Cunene,,,,,,,,,,,,,,,S,17,23,12,E,14,12,46,-17.387,14.213,5,,x,
Quiminha,Angola,AGO,8,Bengo,Catete,Bengo,South West Coast,Bengo,1975,41,  1 560.0,, 112 000,x,x,,,,,,,,S,8,52,30,E,13,37,40,-8.875,13.628,,,,
Tundavala,Angola,AGO,8,Huila,Lubango,Mapunda,South West Coast,Coporola / Carunjamba,1975,26,   2.05,,,,,,x,,,,,,S,14,28,30,E,13,41,30,-14.475,13.692,,,,
Dieguoro,Benin,BEN,29,Atakora,Bolgatanga,White Volta,West Coast,Oti,,,,,,,,,,,,,,,N,10,32,50,E,0,56,24,10.547,0.940,56,,,
Ilauko,Benin,BEN,29,Collines,Save,Ilauko,West Coast,Oueme,1979,22,   23.5,,,,x,,,,,,,,N,8,4,55,E,2,22,15,8.082,2.371,,,x,
Arabie,Botswana,BWA,35,,,Olifants,,,,33,   104.0,,12700,x,x,,,,,,,,S,24,46,50,E,29,25,41,-24.780,29.428,,3,,
Bokaa,Botswana,BWA,35,Kweneng,Kopong,,Limpopo Basin,Marico,,,   18.5,,,,,,,,,,,,S,24,26,30,E,26,1,8,-24.442,26.019,8,,x,
Dikabeya,Botswana,BWA,35,Central,Palapye,Lotsane,Limpopo Basin,Limpopo,1990,10,   2.876,,,x,,,,,,,,,S,22,33,30,E,27,7,58,-22.558,27.133,7,,,
Gaberone,Botswana,BWA,35,South-east,Gaberone,Ngotwane,Limpopo Basin,Marico,1985,30,   144.0,, 19 000,,x,,,,,,,,S,24,41,57,E,25,55,33,-24.699,25.926,,,x,
Gatespan,Botswana,BWA,35,Southern,Kanye,,Orange Basin,Molopo,,,,,,,,,,,,,,,S,25,14,0,E,25,8,30,-25.233,25.142,,1,,
Mopipi,Botswana,BWA,35,Central,Mopipi,Boteti,South Interior,Botletli,,,   95.0,,,,,,,,,,,,S,21,13,25,E,24,49,20,-21.224,24.822,6,,,
Motolo,Botswana,BWA,35,Central,,,,,1993,6,   1.0,,,,,,,,,,,,,,,,,,,,,,7,,,
Nywane,Botswana,BWA,35,South-east,Lobatse,Nywane,Limpopo Basin,Marico,1964,20,   2.3,,  500,,x,,,,,,,,S,25,6,56,E,25,41,24,-25.116,25.690,,,x,
Shashe,Botswana,BWA,35,North East,Francistown,Shashe,Limpopo Basin,Shashe,1972,27,   85.0,, 17 000,,x,,,,,,,,S,21,22,0,E,27,25,45,-21.367,27.429,,,x,
Somanka,Botswana,BWA,35,Kgatleng,,,,,1990,7,   1.029,,,x,,,,,,,,,,,,,,,,,,,7,,,
Badadougou,Burkina Faso,BFA,42,Comoe,Badadougou,,West Coast,Comoe,1977,,   6.0,,,,x,,,,,,,,N,10,46,0,W,4,55,12,10.767,-4.920,11,,x,
Bagre,Burkina Faso,BFA,42,Boulgou,Bagre,,West Coast,Nakambe,1980,,  1 700.0,,,x,,,,,,,x,,N,11,28,36,W,0,32,43,11.477,-0.545,11,,x,
Bazega,Burkina Faso,BFA,42,Bazega,Timboué,,West Coast,Nakambe,1961,,   5.35,,,x,x,,,,,,x,x,N,11,44,2,W,1,21,15,11.734,-1.354,11,,x,
Beregadougou,Burkina Faso,BFA,42,Comoe,Beregadougou,,West Coast,Comoe,1982,,   2.25,,,,x,,,,,,,,N,10,44,,W,4,42,,10.733,-4.700,11,,,
Bilanga,Burkina Faso,BFA,42,Gnagna,Bilanga,,Niger River Basin,Faga,1966,,   1.06,,,x,x,,,,,,x,,N,12,33,,E,0,2,,12.550,0.033,11,,,
Bilanga-Yanga,Burkina Faso,BFA,42,Gnagna,Bilanga-Yanga,,Niger River Basin,Faga,1966,,   1.106,,,x,x,,,,,,x,,N,12,27,,E,0,5,,12.450,0.083,11,,,
Bogande,Burkina Faso,BFA,42,Gnagna,Bogande,,Niger River Basin,Faga,1966,,   1.994,,,x,x,,,,,,x,,N,12,58,49,W,0,7,48,12.980,-0.130,11,,x,
Boudieri,Burkina Faso,BFA,42,Tapoa,Boudieri,,Niger River Basin,Niger,1963,,   4.159,,,x,,,,,,,x,x,N,12,19,3,E,7,39,11,12.318,7.653,11,,x,
Boukouma,Burkina Faso,BFA,42,Soum,Boukouma,,Niger River Basin,Faga,1980,,   2.46,,,x,,,,,,,x,,N,14,10,,W,0,44,,14.167,-0.733,11,,,
Boulbi,Burkina Faso,BFA,42,Kadiolo,Boulbi,,West Coast,Nakambe,1959,,   2.35,,,x,x,,,,,,x,,N,12,14,14,W,1,32,23,12.237,-1.540,11,,x,
Boura,Burkina Faso,BFA,42,Ioba,Boura,,West Coast,Mouhoun,1983,,   4.2,,,x,,,,,,,x,,N,11,3,27,W,2,53,56,11.058,-2.899,11,,x,
Dabesma,Burkina Faso,BFA,42,Gnagna,Dabesma,,Niger River Basin,Faga,1958,,   1.0,,,x,x,,,,,,,,N,12,41,50,W,0,10,24,12.697,-0.173,11,,x,
Dablo,Burkina Faso,BFA,42,Sanmantenga,Dablo,,Niger River Basin,Faga,1977,,   6.0,,,x,x,,,,,,x,,N,13,43,46,W,1,12,0,13.729,-1.200,11,,x,
Dakiri,Burkina Faso,BFA,42,Gnagna,Dakiri,Gouaya,Niger River Basin,Faga,1960,,   10.5,,,,x,,,,,,x,x,N,13,18,14,W,0,16,38,13.304,-0.277,12,,x,
Djibo,Burkina Faso,BFA,42,Soum,Djibo,,Niger River Basin,Gorouol,1970,,   0.022,,,x,x,,,,,,x,,N,14,6,42,W,1,37,5,14.112,-1.618,11,,x,
Donsé,Burkina Faso,BFA,42,Oubritenga,Donsé,,West Coast,Nakambe,1960,,   2.0,,,x,x,,,,,,x,,N,12,34,,W,1,21,,12.567,-1.350,11,,,
Douna,Burkina Faso,BFA,42,Leraba,Douna,Leraba,West Coast,Leraba,1987,,   50.0,,,x,,,,,,,x,,N,10,40,42,W,5,5,52,10.678,-5.098,12,,x,
Fada I,Burkina Faso,BFA,42,Gourma,Fada,,Niger River Basin,Niger,1951,,   4.613,,,,x,,,,,,x,,N,12,4,8,E,0,22,13,12.069,0.370,11,,x,
Gana,Burkina Faso,BFA,42,Bazega,Gana,,West Coast,Nakambe,,,   1.3,,,x,x,,,,,,x,,N,12,3,7,W,1,24,19,12.052,-1.405,11,,x,
Gha,Burkina Faso,BFA,42,Sanmantenga,Gha,,West Coast,Nakambe,1966,,   1.87,,,x,x,,,,,,,,N,13,13,0,W,1,17,0,13.217,-1.283,11,,x,
Gouinré,Burkina Faso,BFA,42,Yatenga,Gouinré,,West Coast,Nakambe,1967,,   1.988,,,x,x,,,,,,x,x,N,13,37,25,W,2,26,35,13.624,-2.443,11,,x,
Itengué,Burkina Faso,BFA,42,Kourittenga,Itengué,,West Coast,Nakambe,1987,,   3.35,,,x,x,,,,,,x,,N,12,11,57,W,0,23,25,12.199,-0.390,11,,x,
Karamassasso,Burkina Faso,BFA,42,Kenedougou,Karamassasso,,Niger River Basin,Ngora Laka,1958,,   11.8,,,x,,,,,,,,,N,11,48,,W,4,50,,11.800,-4.833,11,,,
Kaya Dimassa,Burkina Faso,BFA,42,Sanmantenga,Kaya,,West Coast,Nakambe,1964,,   1.045,,,,x,,,,,,x,,N,13,6,,W,1,4,,13.100,-1.067,11,,,
Kiemna,Burkina Faso,BFA,42,Sanmantenga,Kiemna,,West Coast,Nakambe,1950,,   2.0,,,x,,,,,,,x,,N,13,6,,W,1,5,,13.100,-1.083,11,,,
Kompienga,Burkina Faso,BFA,42,Gourma,Kompienga,Ouale,West Coast,Oti,1984,,  2 000.0,,,,,,x,,,,,,N,12,4,,E,0,43,,12.067,0.717,12,,,
Korsimoro,Burkina Faso,BFA,42,Sanmantenga,Korsimoro,,West Coast,Nakambe,1984,,   4.9,,,x,x,,,,,,x,,N,12,49,23,W,1,5,53,12.823,-1.098,11,,x,
Kossoudougou,Burkina Faso,BFA,42,Gnagna,Kossoudougou,,Niger River Basin,Faga,1961,,   1.25,,,x,x,,,,,,x,,N,12,56,36,W,0,14,6,12.943,-0.235,11,,x,
Koubry II (Nayarle),Burkina Faso,BFA,42,Kadiolo,Koubry,,West Coast,Nakambe,1972,,   7.2,,,x,x,,,,,,x,,N,12,9,,W,1,23,,12.150,-1.383,11,,,
Koumbango,Burkina Faso,BFA,42,Bam,Kombango,,West Coast,Nakambe,1979,,   1.0,,,x,x,,,,,,x,,N,13,25,36,W,1,34,23,13.427,-1.573,11,,x,
Kouna,Burkina Faso,BFA,42,Oudalan,Kouna,,Niger River Basin,Gorouol,1978,,   1.04,,,,x,,,,,,x,,N,14,50,35,E,0,2,12,14.843,0.037,11,,x,
Lac Bam,Burkina Faso,BFA,42,Bam,Kongoussi,,West Coast,Nakambe,,,   31.0,,,,x,,,,,,,x,N,13,18,21,W,1,31,3,13.306,-1.518,11,,x,
Lac dem,Burkina Faso,BFA,42,Sanmantenga,Lac dem,,West Coast,Nakambe,1950,,   4.0,,,x,x,,,,,,x,,N,13,10,32,W,1,9,53,13.176,-1.165,11,,x,
Lac sian,Burkina Faso,BFA,42,Sanmantenga,Lac sian,,West Coast,Nakambe,1950,,   1.5,,,x,x,,,,,,x,,N,13,6,,W,1,13,,13.100,-1.217,11,,,
Lera,Burkina Faso,BFA,42,Leraba,Lera,,West Coast,Leraba,1957,,   2.37,,,x,,,,,,,x,x,N,10,35,32,W,5,21,11,10.592,-5.353,11,,x,
Lery,Burkina Faso,BFA,42,Nayala,Léri,Sourou,West Coast,Mouhoun,1976,,   250.0,,,x,,,,,,,x,,N,12,45,,W,3,24,,12.750,-3.400,12,,,
Liptougou,Burkina Faso,BFA,42,Gnagna,Liptougou,,Niger River Basin,Faga,1962,,   7.423,,,,x,,,,,,x,x,N,13,11,,E,0,19,,13.183,0.317,11,,,
Louda,Burkina Faso,BFA,42,Sanmantenga,Tantaogo,,West Coast,Nakambe,1958,,   3.2,,,x,x,,,,,,x,,N,13,1,1,W,1,3,20,13.017,-1.056,11,,x,
Loumbila,Burkina Faso,BFA,42,Kadiolo,Loumbila,Massili,West Coast,Nakambe,1947,,   35.0,,,x,x,,,,,,x,x,N,12,29,,W,1,34,,12.483,-1.567,12,,,
Manga,Burkina Faso,BFA,42,Zoundweogo,Manga,,West Coast,Nakambe,1961,,   1.84,,,x,x,,,,,,x,,N,11,39,55,W,1,2,35,11.665,-1.043,11,,x,
Manni,Burkina Faso,BFA,42,Gnagna,Mani,,Niger River Basin,Faga,1952,,   1.2,,,x,x,,,,,,x,x,N,13,15,48,W,0,13,0,13.263,-0.217,11,,x,
Mansoufouguy,Burkina Faso,BFA,42,Oudalan,Mansoufouguy,,Niger River Basin,Gorouol,1979,,   1.0,,,,x,,,,,,x,,N,14,35,,W,0,17,,14.583,-0.283,11,,,
Mogtedo,Burkina Faso,BFA,42,Ganzourghou,Mogtedo,,West Coast,Nakambe,1962,,   2.9,,,x,x,,,,,,x,,N,12,18,20,W,0,49,29,12.306,-0.825,11,,x,
Monkuy,Burkina Faso,BFA,42,Mouhoun,Monkuy,,West Coast,Mouhoun,1965,,   8.763,,,,,,,,,,,,N,12,12,10,W,3,41,46,12.203,-3.696,11,,x,
Nagbangré (PK25),Burkina Faso,BFA,42,Kadiolo,Koubry,,West Coast,Nakambe,1962,,   2.0,,,x,,,,,,,x,x,N,12,11,33,W,1,24,14,12.193,-1.404,11,,x,
Nagréongo,Burkina Faso,BFA,42,Oubritenga,Nagréongo,,West Coast,Nakambe,1973,,   1.16,,,x,x,,,,,,x,,N,12,29,28,W,1,4,59,12.491,-1.083,11,,x,
Napagbtenga,Burkina Faso,BFA,42,Kadiolo,Tanvi Nakam.,,West Coast,Nakambe,1962,,   2.0,,,x,x,,,,,,x,,N,12,13,35,W,1,21,5,12.226,-1.351,11,,x,
Niapse,Burkina Faso,BFA,42,Gnagna,Nyapsé,,Niger River Basin,Faga,1961,,   1.423,,,x,x,,,,,,x,,N,13,23,,W,0,13,,13.383,-0.217,11,,,
Ouaga II (Tanghin1),Burkina Faso,BFA,42,Kadiolo,Ouaga,,West Coast,Nakambe,1962,,   1.7,,,x,,,,,,,x,x,N,12,23,18,W,1,30,59,12.388,-1.516,11,,x,
Ouaga II (Tanghin2),Burkina Faso,BFA,42,Kadiolo,Ouaga,,West Coast,Nakambe,1934,,   1.0,,,,x,,,,,,,x,N,12,23,19,W,1,30,5,12.389,-1.501,11,,x,
Ouahigouya,Burkina Faso,BFA,42,Yatenga,Ouahigouya,,West Coast,Nakambe,1977,,   2.7,,,,x,,,,,,x,,N,13,35,17,W,2,26,6,13.588,-2.435,11,,x,
Ouedbila,Burkina Faso,BFA,42,Bazega,Wodbila,,West Coast,Nakambe,1978,,   2.0,,,x,x,,,,,,x,,N,12,6,,W,1,22,,12.100,-1.367,11,,,
Pabré,Burkina Faso,BFA,42,Oubritenga,Pabré,,West Coast,Nakambe,1983,,   1.0,,,x,x,,,,,,x,,N,12,35,0,W,1,24,7,12.583,-1.402,11,,x,
Pensa,Burkina Faso,BFA,42,Sanmantenga,Pensa,,Niger River Basin,Faga,1950,,   1.0,,,,x,,,,,,x,,N,13,7,49,W,0,47,35,13.130,-0.793,11,,x,
Petit Balle,Burkina Faso,BFA,42,Les Bales,Boromo,,West Coast,Mouhoun,1981,,   1.007,,,,x,,,,,,x,,N,11,43,5,W,3,0,31,11.718,-3.009,11,,x,
Pibaoré,Burkina Faso,BFA,42,Sanmantenga,Pibaoré,,West Coast,Nakambe,1964,,   1.3,,,,x,,,,,,x,,N,12,54,17,W,0,49,40,12.905,-0.828,11,,x,
Pindega,Burkina Faso,BFA,42,Bazega,Sologum,,West Coast,Nakambe,1942,,   1.857,,,x,x,,,,,,x,x,N,12,6,11,W,1,20,10,12.103,-1.336,11,,x,
Sambissogo,Burkina Faso,BFA,42,Boulkiemde,Sambissogo,,West Coast,Mouhoun,1961,,   3.4,,,x,x,,,,,,x,,N,12,9,56,W,2,22,32,12.166,-2.376,11,,x,
Samou,Burkina Faso,BFA,42,Gnagna,Samou,,Niger River Basin,Faga,1962,,   5.0,,,,x,,,,,,x,x,N,13,0,34,E,0,10,5,13.009,0.168,11,,x,
Savili,Burkina Faso,BFA,42,Boulkiemde,Savili,,West Coast,Nakambe,1978,,   2.3,,,x,,,,,,,x,,N,12,4,51,W,2,1,38,12.081,-2.027,11,,x,
Seguenega,Burkina Faso,BFA,42,Yatenga,Seguenega,,West Coast,Nakambe,,,   1.74,,,x,x,,,,,,x,,N,13,25,57,W,1,57,33,13.433,-1.959,11,,x,
Sitenga,Burkina Faso,BFA,42,Seno,Seytenga,,Niger River Basin,Gorouol,1978,,   10.0,,,,x,,,,,,x,,N,13,58,,W,0,19,,13.967,-0.317,11,,,
Sylia,Burkina Faso,BFA,42,Loroum,Silia,,West Coast,Nakambe,1987,,   2.1,,,x,x,,,,,,x,,N,13,43,57,W,2,9,41,13.733,-2.161,11,,x,
Tamassogo,Burkina Faso,BFA,42,Sanmantenga,Tamassogo,,West Coast,Nakambe,1978,,   3.5,,,x,,,,,,,x,,N,13,15,30,W,1,6,4,13.258,-1.101,11,,x,
Tapoa,Burkina Faso,BFA,42,Tapoa,Tapoa,,Niger River Basin,Niger,1950,,   5.51,,,x,,,,,,,,x,N,12,7,38,E,1,45,56,12.127,1.766,11,,x,
Tensobentenga,Burkina Faso,BFA,42,Kourittenga,Tensobentenga,,West Coast,Nakambe,1961,,   1.685,,,x,x,,,,,,x,,N,12,0,,W,0,20,,12.000,-0.333,11,,,
Thiou,Burkina Faso,BFA,42,Yatenga,Thiou,,West Coast,Sourou,1981,,   4.3,,,x,,,,,,,x,,N,13,48,59,W,2,39,34,13.816,-2.659,11,,x,
Tiébélé,Burkina Faso,BFA,42,Nahour,Tiébélé,,West Coast,Nakambe,1984,,   2.0,,,,x,,,,,,x,,N,11,7,8,W,0,57,44,11.119,-0.962,11,,x,
Tiefora,Burkina Faso,BFA,42,Comoe,Tiefora,,West Coast,Comoe,1982,,   1.238,,,x,x,,,,,,x,,N,10,37,11,W,4,33,22,10.620,-4.556,11,,x,
Titao,Burkina Faso,BFA,42,Loroum,Titao,,West Coast,Nakambe,1951,,   3.7,,,x,x,,,,,,x,x,N,13,46,42,W,2,4,2,13.778,-2.067,11,,x,
Tougou,Burkina Faso,BFA,42,Zondoma,Tougou,,West Coast,Nakambe,1962,,   4.254,,,x,x,,,,,,x,,N,13,15,58,W,2,17,15,13.266,-2.288,11,,x,
Tougouri,Burkina Faso,BFA,42,Namentaenga,Tougouri,,Niger River Basin,Faga,1950,,   6.0,,,x,x,,,,,,x,x,N,13,19,16,W,0,30,46,13.321,-0.513,11,,x,
Tougouri,Burkina Faso,BFA,42,Sanmantenga,Tougouri,,West Coast,Nakambe,1987,,   6.0,,,,x,,,,,,x,,N,13,7,,W,1,13,,13.117,-1.217,11,,,
Toussiana,Burkina Faso,BFA,42,Houet,Toussiana,,West Coast,Comoe,1982,,   6.1,,,,x,,,,,,,,N,10,52,17,W,4,37,21,10.871,-4.623,11,,x,
Yakouta,Burkina Faso,BFA,42,Seno,Dori,,Niger River Basin,Gorouol,1985,,   1.8,,,,,,,,,,,,N,14,2,,W,0,8,,14.033,-0.133,11,,,
Yalgo,Burkina Faso,BFA,42,Gnagna,Yalgo,Faga,Niger River Basin,Faga,1954,,   10.0,,,,x,,,,,,x,x,N,13,15,,W,0,16,,13.250,-0.267,11,,,Capacity value uncertain
Zabre,Burkina Faso,BFA,42,Boulgou,Zabre,,West Coast,Nakambe,1961,,   1.0,,,x,,,,,,,x,,N,11,9,,W,0,40,,11.150,-0.667,12,,,
Zegnedegen,Burkina Faso,BFA,42,Namentaenga,Zegnedegen,,Niger River Basin,Faga,1952,,   2.415,,,,x,,,,,,x,,N,12,57,34,W,0,27,19,12.959,-0.455,11,,x,
Bamendjin,Cameroon,CMR,45,Ouest,Bafoussam,Noun,Central West Coast,Mbam,1974,17,  1 879.0,,,,,,x,,,,,,N,5,41,56,E,10,30,4,5.699,10.501,,,x,
Chidifi,Cameroon,CMR,45,Nord,Guider,Mayo Oulo,Niger River Basin,Mayo Kebi,1984,21,   5.0,,,,x,,,,,,,,N,9,38,40,E,13,51,50,9.644,13.864,,,,
Edea,Cameroon,CMR,45,Littoral,Edea,Sanaga,Central West Coast,Sanaga,1953,15,   6.573,,,,,,x,,,,,,N,3,49,20,E,10,7,50,3.822,10.131,,,,263 MW
Lagdo,Cameroon,CMR,45,Nord,Lagdo,Benoue,Niger River Basin,Benue,1983,40,  7 800.0,,,,,x,x,x,x,,,,N,9,3,35,E,13,41,22,9.060,13.689,,,x,0.04 km3 for irrigation - 72MW
Maga,Cameroon,CMR,45,Extreme-nord,Maroua,,Lake Chad Basin,Logone,1979,6,   0.05,,,x,,,,,,,,,N,10,50,0,E,14,57,20,10.833,14.956,13,,x,Périmètre SEMRY II - Capacity value uncertain
Mape,Cameroon,CMR,45,Adamaoua,Banyo,Mape,Central West Coast,Mbam,1988,34,  3 300.0,, 520 000,,,,x,,,,,,N,6,2,34,E,11,17,52,6.043,11.298,,,x,
Mbakaou,Cameroon,CMR,45,Adamaoua,Tibati,Djerem,Central West Coast,Djerem,1971,30,  2 600.0,,,,,,x,,,,,,N,6,18,14,E,12,48,34,6.304,12.809,,,x,
Mokolo,Cameroon,CMR,45,Extreme-nord,Mokolo,Mayo T'Sanaga,Lake Chad Basin,Logone,1979,22,   5.0,,,,x,,,,,,,,N,10,43,0,E,13,59,40,10.717,13.994,,,,
Mopfou,Cameroon,CMR,45,Centre,Yaoundé,Mefou,Central West Coast,Nyong,1970,20,   5.0,,,,,,x,,,,,,N,3,36,0,E,11,40,30,3.600,11.675,,,,
Song Loulou,Cameroon,CMR,45,Centre,Ngombé,Sanaga,Central West Coast,Sanaga,1980,35,   10.0,,,,,,x,,,,,,N,4,5,0,E,10,47,0,4.083,10.783,,,,394 MW
Djoue,Congo,COG,59,Pool,Brazzaville,Djoue,Congo River Basin,Congo,1956,36,   8.5,,,,x,,x,,,,,,S,4,18,4,E,15,12,23,-4.301,15.206,14,,x,5 MW
Moukoukoulou,Congo,COG,59,Kouilou,Mouyondzi,Bouenza,Central West Coast,Niari,1974,60,   0.5,,,,,,x,,,,,,S,4,4,0,E,12,13,0,-4.067,12.217,,,,25 MW
Ayme I,Côte d'Ivoire,CIV,66,Sud Comoe,Aboisso,Bia,West Coast,Bia,1959,30,   900.0,, 180 000,,,,x,,,,,,N,5,35,54,W,3,9,32,5.598,-3.159,,,x,
Ayme II,Côte d'Ivoire,CIV,66,Sud Comoe,Aboisso,Bia,West Coast,Comoe,1964,35,   69.0,, 1 000,,,,x,,,,,,N,5,28,0,W,3,9,40,5.467,-3.161,,,,
Bandama,Côte d'Ivoire,CIV,66,Savanes,Ferkéssé-Dougou,Bandama,West Coast,Bandama Blanc,1975,20,   25.1,, 2 300,x,,,,,,,,,N,9,33,55,W,5,15,41,9.565,-5.261,,,x,
Buyo,Côte d'Ivoire,CIV,66,Bas Sassandra,Guiglo,Sassandra,West Coast,Sassandra,1980,37,  8 300.0,, 895 000,,,,x,,,,,,N,6,14,28,W,7,20,45,6.241,-7.346,,,x,
Dekokaha,Côte d'Ivoire,CIV,66,Savanes,Ferkéssé-Dougou,Dieli-Kbalo,West Coast,Bandama Blanc,1973,13,   3.6,, 10 000,x,,,,,,,,,N,9,44,31,W,5,10,36,9.742,-5.177,,,x,
Gbemou,Côte d'Ivoire,CIV,66,Savanes,Boundiali,Saoula,Niger River Basin,Bagoe,1979,14,   18.0,,,,,,,,,,,,N,9,38,0,W,6,29,30,9.633,-6.492,,,,
Gbon,Côte d'Ivoire,CIV,66,Savanes,Boundiali,Toumbako,Niger River Basin,Bagoe,1976,12,   7.7,, 1 200,x,,,,,,,,,N,9,41,0,W,6,44,0,9.683,-6.733,,,,
Kan,Côte d'Ivoire,CIV,66,Vallee Du Bandama,Bouaké,Kan,West Coast,Nzi,1964,11,   2.8,,,,x,,,,,,,,N,7,33,0,W,4,40,0,7.550,-4.667,,,,
Kossou,Côte d'Ivoire,CIV,66,Marahoue,Yamoussokro,Bandama,West Coast,Bandama,1972,58,  27 675.0,,1 780 000,,,,x,,,,,,N,7,1,53,W,5,28,26,7.031,-5.474,,,x,
Koua,Côte d'Ivoire,CIV,66,Zanzan,Zuenoula,Koua,West Coast,Ba,1979,23,   17.0,,,x,,,,,,,,,N,7,56,0,W,2,54,30,7.933,-2.908,,,,
Lataha,Côte d'Ivoire,CIV,66,Savanes,Korhogo,Kodjala,West Coast,Bandama Blanc,1973,13,   3.4,,  850,x,,,,,,,,,N,9,21,0,W,5,28,0,9.350,-5.467,,,,
Loka,Côte d'Ivoire,CIV,66,Vallee Du Bandama,Bouaké,Loka,West Coast,Nzi,,23,   22.3,,,x,,,,,,,,,N,7,53,30,W,4,47,0,7.892,-4.783,,,,
Nabyon,Côte d'Ivoire,CIV,66,Vallee Du Bandama,Bouaké,Nabyon,West Coast,Nzi,1982,17,   14.0,,,x,,,,,,,,,N,7,42,44,W,5,13,36,7.712,-5.227,,,x,
Nafoun,Côte d'Ivoire,CIV,66,Savanes,Boundiali,Merindia,Niger River Basin,Bagoe,1976,15,   60.0,,,x,,,,,,,,,N,9,34,0,W,6,22,0,9.567,-6.367,,,,
Natiokobadara,Côte d'Ivoire,CIV,66,Savanes,Korhogo,Lafigué,West Coast,Bandama Blanc,1974,14,   3.6,,  850,x,,,,,,,,,N,9,20,9,W,5,39,25,9.336,-5.657,,,x,
Nindio,Côte d'Ivoire,CIV,66,Savanes,Korhogo,Lokolélpé,West Coast,Bandama Blanc,1975,13,   3.1,,,,,,,,,,,,N,9,37,0,W,5,49,30,9.617,-5.825,,,,
Nouple,Côte d'Ivoire,CIV,66,Savanes,Korhogo,Partiélé,West Coast,Bandama Blanc,1976,13,   4.0,,  830,x,,,,,,,,,N,9,17,42,W,5,43,36,9.295,-5.727,,,x,
San Pedro,Côte d'Ivoire,CIV,66,Bas Sassandra,San Pedro,San Pedro,West Coast,Sassandra,1980,15,   25.0,,,x,,,x,,,,,,N,6,0,0,W,6,40,30,6.000,-6.675,,,,
Solo Mougou,Côte d'Ivoire,CIV,66,Savanes,Korhogo,Solomougou,West Coast,Bandama Blanc,1974,15,   14.3,, 3 500,x,,,,,,,,,N,9,38,43,W,5,37,39,9.645,-5.628,,,x,Capacity value uncertain
Taabo,Côte d'Ivoire,CIV,66,Lagunes,Tiassalé,Bandama,West Coast,Bandama,1979,34,   621.0,,29700,,,,x,,,,,,N,6,13,50,W,5,5,2,6.231,-5.084,,,x,
Tingrela,Côte d'Ivoire,CIV,66,Savanes,Tingrela,,Niger River Basin,Bagoe,,17,   3.0,,,x,,,,,,,,,N,10,26,54,W,6,24,59,10.448,-6.416,,,x,
Yabra,Côte d'Ivoire,CIV,66,Haut-sassandra,Yamoussokro,Kongulo,West Coast,Bandama,1974,13,   4.0,,,x,,,,,,,,,N,6,33,0,W,5,18,40,6.550,-5.311,,,,
Bia,Democratic Republic of the Congo,COD,68,Katanga,Likasi,Lufira,Congo River Basin,Lulaba,1950,19,,,,,,,,,,,,,S,11,11,0,E,27,9,30,-11.183,27.158,,,,
Digue divers.,Democratic Republic of the Congo,COD,68,Bas-congo,Matadi,Van Deuren,Congo River Basin,Congo,1971,12,,,,,,,,,,,,,S,5,36,30,E,13,52,0,-5.608,13.867,,,,
Fwamalo,Democratic Republic of the Congo,COD,68,Bas-congo,Matadi,Van Deuren,Congo River Basin,Congo,1971,50,,,,,,,,,,,,,S,5,42,0,E,13,54,50,-5.700,13.914,,,,
Inga I,Democratic Republic of the Congo,COD,68,Bas-congo,Matadi,Van Deuren,Congo River Basin,Congo,1972,,   20.0,,,,,,x,,,,,,S,5,32,40,E,13,41,30,-5.544,13.692,,,,
Inga II,Democratic Republic of the Congo,COD,68,,,,,,1977,40,,,,,,,x,,,,,,,,,,,,,,,,,,,
Katobo,Democratic Republic of the Congo,COD,68,Bas-congo,Matadi,Kikiba,Congo River Basin,Congo,1973,42,,,,x,,,x,,,,,,S,5,43,0,E,13,38,0,-5.717,13.633,,,,
Koni,Democratic Republic of the Congo,COD,68,Katanga,Lubumbashi,Lufira,Congo River Basin,Lulaba,1949,19,   28.0,,,,,,x,,,,,,S,10,45,10,E,27,14,40,-10.753,27.244,,,x,
Le Marinel,Democratic Republic of the Congo,COD,68,Katanga,Kolwezi,Lualaba,Congo River Basin,Lulaba,1956,70,,,,,,,,,,,,,S,10,30,0,E,25,28,0,-10.500,25.467,,,x,
Mobaye,Democratic Republic of the Congo,COD,68,Equateur,Bangui,Ubangi,Congo River Basin,Oubangui,1990,31,,,,,,,x,,,,,,N,4,25,0,E,18,47,40,4.417,18.794,,,,
N'Seke,Democratic Republic of the Congo,COD,68,Katanga,Lubumbashi,Lualaba,Congo River Basin,Lulaba,1956,70,   0.7,,,,,,x,,,,,,S,11,45,11,E,26,16,34,-11.753,26.276,,,x,
N'Zilo I,Democratic Republic of the Congo,COD,68,Katanga,Lubumbashi,Lualaba,Congo River Basin,Lulaba,1953,73,   1.733,,,,,,x,,,,,,S,11,40,0,E,26,0,0,-11.667,26.000,,,x,
Ruzizi I,Democratic Republic of the Congo,COD,68,Sud - Kivu,Bukavu,Ruzizi,Congo River Basin,Tanganyika northern basin,1959,15,   1.46,,,,,,x,,,,,,S,2,44,0,E,29,0,0,-2.733,29.000,,,,
Shongo,Democratic Republic of the Congo,COD,68,Bas-congo,Matadi,Van Deuren,Congo River Basin,Congo,1971,59,,,,,,,,,,,,,S,5,36,0,E,13,46,0,-5.600,13.767,,,,
Sikila,Democratic Republic of the Congo,COD,68,Bas-congo,Matadi,Van Deuren,Congo River Basin,Congo,1971,22,,,,,,,,,,,,,S,5,48,0,E,13,57,0,-5.800,13.950,,,,
Zongo,Democratic Republic of the Congo,COD,68,Bas-congo,Kinshasa,Inkisi,Congo River Basin,Inkisi,,17,   0.975,,,,,,x,,,,,,S,5,18,30,E,15,12,0,-5.308,15.200,,,,
- no name -,Egypt,EGY,40765,,,,,,,,   1.184,,50,x,,,,,,,,,N,30,27,23,E,29,14,13,30.456,29.237,,3,,
- no name -,Egypt,EGY,40765,,,,,,,,  1 195.0,,50300,x,,,,,,,,,N,29,10,59,E,30,23,46,29.183,30.396,,3,,
Assiut barrage,Egypt,EGY,40765,Asyiut,Assiut,Nile,Nile Basin,Nile,1902,16,,,,x,,,,x,,,,,N,27,12,10,E,31,11,30,27.203,31.192,,,x,
Esna barrage,Egypt,EGY,40765,Qina,Esna,Nile,Nile Basin,Nile,1908,16,,,,x,,,,x,,,,,N,25,19,3,E,32,33,26,25.318,32.557,,,x,
High Aswan dam,Egypt,EGY,40765,Aswan,Aswan,Nile,Nile Basin,Nile,1970,111,  162 000.0,,6 500 000,x,,x,x,,,,,,N,23,58,16,E,32,52,45,23.971,32.879,,,x,"Design capacity 162 km3, so far hasn't attained more than 115 km3."
Nag-Hamady barrage,Egypt,EGY,40765,Qina,Nag-Hamady,Nile,Nile Basin,Nile,1930,16,,,,x,,,,x,,,,,N,26,8,10,E,32,10,10,26.136,32.169,,,x,
Old Aswan dam,Egypt,EGY,40765,Aswan,Aswan,Nile,Nile Basin,Nile,1933,53,  5 000.0,, 450 000,x,,,x,,,,,,N,24,1,59,E,32,51,58,24.033,32.866,,,x,
Abarda,Eritrea,ERI,77,Maekel,Asmara,,Nile Basin,Mereb Wenz,1970,40,   22.11,,,,x,,,,,,,,N,15,15,8,E,38,47,0,15.252,38.783,,,x,
Zula,Eritrea,ERI,77,Semenawi Keih Bahri,Massawa,Haddas,North East Coast,Erythrean coast,1960,37,   22.0,,,x,,,,,,,,,N,15,19,0,E,39,22,0,15.317,39.367,,,,
- no name -,Ethiopia,ETH,79,,,,,,,,  2 101.0,,91600,,,,,,,,,,N,10,13,59,E,40,32,17,10.233,40.538,,3,,
Alwero,Ethiopia,ETH,79,Gambela,Abobo,Alwero,Nile Basin,Akoba,1995,,   74.6,,,x,,,,,,,,,N,7,51,37,E,34,29,36,7.860,34.493,18,1,x,
Angereb,Ethiopia,ETH,79,,,Angereb,,,1991,34,   5.3,,,,x,,,,,,,,,,,,,,,,,,,1,,
Dire,Ethiopia,ETH,79,,,Dire,,,1999,46,   19.0,,,,x,,,,,,,,,,,,,,,,,,,1,,
Finchaa,Ethiopia,ETH,79,Oromiya,Addis Ababa,Finochaa,Nile Basin,Blue Nile,1973,25,   650.0,, 345 000,,,,x,,,,,,N,9,33,29,E,37,21,58,9.558,37.366,15,,x,
Gafarsa,Ethiopia,ETH,79,Oromiya,Addis Ababa,Petit Akabi,Rift Valley,Awash Wenz,1955,17,   7.0,,,,x,,,,,,,,N,8,47,14,E,38,42,20,8.787,38.706,,,x,
Koka,Ethiopia,ETH,79,Oromiya,Addis Ababa,Awash,Rift Valley,Awash Wenz,1960,42,  1 900.0,, 236 000,x,,,x,,,,,,N,8,28,6,E,39,9,33,8.468,39.159,15,,x,
Legadadi (Main),Ethiopia,ETH,79,Oromiya,Addis Ababa,Sendafa,Rift Valley,Awash Wenz,1979,40,   38.0,,,,x,,,,,,,,N,9,3,57,E,38,57,25,9.066,38.957,,,,
Legadadi (Subsidiary),Ethiopia,ETH,79,,Addis Ababa,Sendafa,,,1979,22,   4.0,,,,x,,,,,,,,,,,,,,,,,,,,,
Melka Wakena,Ethiopia,ETH,79,Oromiya,Adaba,Wabi Shebele,Shebelli & Juba Basin,Shebelli,,,   750.0,,,,,,x,,,,,,N,7,10,34,E,39,25,52,7.176,39.431,16,1,x,
Midimar,Ethiopia,ETH,79,,,Midmar,,,1996,33,   10.0,,,x,,,,,,,,,,,,,,,,,,,,1,,
Tchimbele,Gabon,GAB,89,Estuaire,N'Toum,M'Bei,Central West Coast,Komo,1980,36,   220.0,, 38 000,,,,x,,,,,,N,0,25,10,E,10,16,20,0.419,10.272,,,,
Afife,Ghana,GHA,94,Volta,Akatsi,Kplipa,West Coast,Volta,,,   29.45,,,,,,,,,,,,N,6,8,34,E,0,58,19,6.143,0.972,"19, 20",,x,
Akosombo (main),Ghana,GHA,94,Eastern,Accra/Tema,Volta,West Coast,Volta,1965,134,  147 960.0,,8 482 250,,,,x,,,,,,N,6,21,0,E,0,6,0,6.350,0.100,,,,
Akosombo (saddle),Ghana,GHA,94,Eastern,Accra/Tema,Volta,West Coast,Volta,1965,37,,,,,,,,,,,,,N,6,17,50,E,0,3,34,6.297,0.059,,,x,
Ashaman,Ghana,GHA,94,Greater Accra,Tema,,West Coast,Densu,,,   6.2,,,,,,,,,,,,N,5,42,2,W,0,3,19,5.701,-0.055,"19, 20",,x,
Barekese,Ghana,GHA,94,Ashanti,Kumasi,Ofin,West Coast,Pra,,,   34.0,, 6 400,,x,,,,,,,,N,6,50,10,W,1,43,16,6.836,-1.721,22,1,x,
Bimsu,Ghana,GHA,94,,,,,,,,   1.9,,,,,,,,,,,,,,,,,,,,,,,1,,
Bontanga,Ghana,GHA,94,Northern,Savelugu,,West Coast,Nakambe,,,   25.35,,,,,,,,,,,,N,9,34,8,W,1,1,26,9.569,-1.024,"19, 20",,x,
Bui,Ghana,GHA,94,Brong Ahafo,Bamboi,Volta,West Coast,Mouhoun,,,,,,,,,,,,,,,N,8,10,56,W,2,9,58,8.182,-2.166,21,,,
Dawhenya,Ghana,GHA,94,Greater Accra,Tema,,West Coast,Densu,,,   5.8,,,,,,,,,,,,N,5,46,29,E,0,3,39,5.775,0.061,"19, 20",,x,
Inchaban,Ghana,GHA,94,Western,Inchaban,Anankwari,West Coast,Ankobra,,,   1.8,,,,,,,,,,,,N,4,59,42,W,1,41,8,4.995,-1.686,,1,x,
Kanyanbia,Ghana,GHA,94,Upper West,Tumu,,West Coast,Nakambe,,,,,,,,,,,,,,,N,10,49,17,W,1,42,22,10.821,-1.706,21,,,
Kpong,Ghana,GHA,94,Eastern,Accra,Volta,West Coast,Volta,1981,20,   200.0,,25200,x,,,x,,,,,,N,6,7,9,E,0,7,29,6.119,0.125,,,x,
Kulpawn,Ghana,GHA,94,Northern,Bungweli,Kulpawn,West Coast,Nakambe,,,,,,,,,,,,,,,N,10,3,50,W,1,37,15,10.064,-1.621,21,,,
Kwanyaku,Ghana,GHA,94,Central,Agona Kwanyaku,,West Coast,Densu,1969,,   1.36,,,,,,,,,,,,N,5,27,,W,0,52,,5.450,-0.867,,1,,
Mankessim,Ghana,GHA,94,Central,Salt Pond,Amisa,West Coast,Densu,,,   5.67,,,,,,,,,,,,N,5,18,49,W,1,1,45,5.314,-1.029,"19, 20",,x,
Sissili,Ghana,GHA,94,Upper East,Navrongo,Sissili,West Coast,Nakambe,,,,,,,,,,,,,,,N,10,50,32,W,1,27,51,10.842,-1.464,21,,,
Tono,Ghana,GHA,94,Upper East,Bolgatanga,Tono,West Coast,Nakambe,1977,19,   76.54,, 18 600,x,x,,,,,,,,N,10,55,0,W,1,15,0,10.917,-1.250,,,,
Vea,Ghana,GHA,94,Upper East,Bolgatanga,,West Coast,Nakambe,,,   17.3,,,,,,,,,,,,N,10,52,0,W,0,51,0,10.867,-0.850,"19, 20",,x,
Weija,Ghana,GHA,94,Greater Accra,Accra,Densu,West Coast,Densu,1978,16,   139.0,, 33 615,x,x,,,,,,,,N,5,34,10,W,0,20,40,5.569,-0.344,,,x,
Banieya,Guinea,GIN,106,Kindia,Kindia,Samou,West Coast,Konkoure,1969,30,   223.0,, 28 000,,,,x,,,,,,N,9,57,30,W,12,59,50,9.958,-12.997,,,,
Garafiri,Guinea,GIN,106,,Conakry,Konkoure,,,1999,80,  1 600.0,,61700,,,,,,,,,,N,10,31,59,W,12,39,50,10.533,-12.664,,3,,
Kale,Guinea,GIN,106,Kindia,Kindia,Samou,West Coast,Konkoure,1963,20,   14.0,,,,,,x,,,,,,N,9,55,0,W,13,6,0,9.917,-13.100,,,,
Bathi,Kenya,KEN,133,Central,Limuru,Bathi,,,1980,22,   0.3,,  30,,x,,,,,,,,,,,,,,,,,,,,,
Chemeron,Kenya,KEN,133,Rift Valley Province,Baringo,Chemeron,Rift Valley,Lake Turkana,1984,31,   4.6,,  485,x,x,,,,,,,,N,0,26,0,E,35,54,0,0.433,35.900,,,,
Ellegirini,Kenya,KEN,133,Rift Valley Province,Eldoret,Ellegirini,Nile Basin,Nyando,1987,24,   2.0,,  310,,x,,,,,,,,N,0,32,30,E,35,9,50,0.542,35.164,,,,
Gitaru,Kenya,KEN,133,Eastern Province,Embu,Tana,East Central Coast,Tana,1978,30,   20.0,,  310,,,,x,,,,,,S,0,38,30,E,37,40,30,-0.642,37.675,,,,225 MW installed - 215 MW effective
Kamburu,Kenya,KEN,133,Eastern Province,Embu,Tana,East Central Coast,Tana,1974,56,   150.0,, 15 000,,,,x,,,,,,S,0,48,44,E,37,41,18,-0.812,37.688,24,,x,94.2 MW installed - 84 MW effective
Kiambere,Kenya,KEN,133,Eastern Province,Embu,Tana,East Central Coast,Tana,1987,112,   585.0,, 25 000,,,,x,,,,,,S,0,38,28,E,37,54,38,-0.641,37.911,24,,x,
Kikoneni,Kenya,KEN,133,Coast Province,Kwale,Mkanda,East Central Coast,Umba,1981,16,   1.26,,  346,,x,,,,,,,,S,4,20,0,E,39,10,0,-4.333,39.167,24,,,
Kindaruma,Kenya,KEN,133,Eastern Province,Embu,Tana,East Central Coast,Tana,1968,24,   16.0,,  250,,,,x,,,,,,S,0,48,23,E,37,48,36,-0.806,37.810,24,,x,40 MW installed/effective
Kirindich,Kenya,KEN,133,Rift Valley Province,Kabarnet,Kirindich,,,2000,50,   3.0,,  360,,x,,,,,,,,,,,,,,,,,,,1,,
Manooni,Kenya,KEN,133,Eastern Province,Machakos,Manooni,East Central Coast,Galana,1987,16,   0.41,,  106,,x,,,,,,,,S,2,23,31,E,38,3,16,-2.392,38.054,25,,x,
Masinga,Kenya,KEN,133,Eastern Province,Embu,Tana,East Central Coast,Tana,1980,70,  1 560.0,, 120 000,,,x,x,,,,,,S,0,52,43,E,37,35,21,-0.879,37.589,24,,x,40 MW installed/effective
Moiben,Kenya,KEN,133,Rift Valley Province,Eldoret,Moiben,,,1991,35,   6.2,,,,x,,,,,,,,,,,,,,,,,,,1,,
Mulima,Kenya,KEN,133,Eastern Province,Machakos,Mulima,East Central Coast,Galana,1982,17,   0.275,,  66,,x,,,,,,,,S,1,32,0,E,37,20,20,-1.533,37.339,,,,
Muoni,Kenya,KEN,133,Rift Valley Province,Machakos,Muoni,,,1987,22,   0.83,,  152,,x,,,,,,,,,,,,,,,,,,,,,
Owen Falls,Kenya,KEN,133,,,White Nile,Nile Basin,Victoria Nile,1954,30,  20 000.0,,6 640 000,x,,,x,,,,,,N,0,26,45,E,33,11,15,0.446,33.188,59,,x,Theoretically would allow rise of lake level of 3 m. Total capacity = 200 km3; Total Area = 66 400 km2; shared with Uganda & Tanzania. Assume 10% of capacity/area is for Kenya. No anthropogenic evaporation as lake existed.
Riuru,Kenya,KEN,133,Central Province,Nairobi,Riuru,East Central Coast,Galana,1949,23,   2.98,,  650,,x,,,,,,,,S,0,53,0,E,36,39,0,-0.883,36.650,24,,,
Sasumua,Kenya,KEN,133,Central Province,Nairobi,Sasumua,East Central Coast,Galana,1956,45,   13.25,, 1 500,,x,,,,,,,,S,0,45,38,E,36,40,55,-0.761,36.682,24,,x,
Thika,Kenya,KEN,133,Central Province,Thika,Thika,East Central Coast,Tana,1993,63,   70.0,, 2 900,,x,,,,,,,,S,0,45,,E,37,,,-0.750,37.000,,1,,
Turkwel,Kenya,KEN,133,Rift Valley Province,Kitale,Turkwel,,,1991,84,   680.0,, 14 000,,,,,,,,,,,,,,,,,,,,,1,,
Turkwel,Kenya,KEN,133,Rift Valley Province,Kitale,Turkwel,Rift Valley,Lake Turkana,1991,155,  1 645.0,, 66 100,,,,x,,,,,,N,1,54,54,E,35,20,47,1.915,35.346,,1,x,
Katse,Lesotho,LSO,142,Leribe,Bokong,Malibamatso,Orange Basin,Orange,1997,185,  1 950.0,, 35 800,,,,,,,,,,S,29,20,15,E,28,30,23,-29.338,28.506,26,1,x,Lesotho Highlands Water Project
Letseng,Lesotho,LSO,142,Leribe,Ficksburg,tr Khobelu,Orange Basin,Caledon,1981,40,   4.3,,  320,,x,,,,,,,,S,28,54,35,E,27,55,21,-28.910,27.923,,,x,
Lionel Collet,Lesotho,LSO,142,Leribe,Hlotse,Fenyane,Orange Basin,Caledon,1963,18,   1.75,,,x,,,,,,,,,S,28,59,29,E,28,8,35,-28.991,28.143,,,x,
Mohale,Lesotho,LSO,142,Thaba Tseka,Lirahalibonoe,Senqunyane,Orange Basin,Orange,,145,   857.1,, 21 200,,,,,,,,,,S,29,27,29,E,28,5,47,-29.458,28.096,27,1,x,Lesotho Highlands Water Project
Muela,Lesotho,LSO,142,Butha Buthe,Muela,Nqoe,Orange Basin,Caledon,,55,   6.0,,,,,,x,,,,,,S,28,45,41,E,28,27,20,-28.761,28.456,28,1,x,Lesotho Highlands Water Project
Sebaboleng,Lesotho,LSO,142,Maseru,Maseru,Mejametalana,Orange Basin,Caledon,1969,22,   1.245,,  215,x,x,,,,,,,,S,29,18,41,E,27,30,41,-29.311,27.511,,,x,
Mount Coffee,Liberia,LBR,144,Bomi,Monrovia,St. Paul,West Coast,Saint Paul,1966,19,   238.6,,,,,,x,,,,,,N,6,30,30,W,10,39,0,6.508,-10.650,,,,
Abu Mansur,Libyan Arab Jamahiriya,LBY,145,Darnah,Derna,Abu Mansur,Mediterranean Coast,Libyan north east coast,1978,75,   22.3,, 1 200,x,,x,,,,,,,N,32,37,40,E,22,26,0,32.628,22.433,,,,
Bin Jawad,Libyan Arab Jamahiriya,LBY,145,,,,,,,,   0.34,,,,,,,,,,,,,,,,,,,,,,,1,,
Dakar,Libyan Arab Jamahiriya,LBY,145,Al Khoms,Zletin,Dakr,Mediterranean Coast,Sawf al Jin,1978,19,   1.6,,  360,,,x,,,,,,,N,32,24,35,E,14,20,27,32.410,14.341,,,x,
Derna,Libyan Arab Jamahiriya,LBY,145,Darnah,Derna,Derna,Mediterranean Coast,Libyan north east coast,1978,40,   1.15,,  110,x,,x,,,,,,,N,32,39,32,E,22,34,38,32.659,22.577,,,x,
Ghan,Libyan Arab Jamahiriya,LBY,145,Gharyan,Ghrian,Ghan,Mediterranean Coast,Jeffara,1982,80,   30.0,, 1 580,x,,x,,,,,,,N,32,12,20,E,12,54,0,32.206,12.900,,,,
Jarif,Libyan Arab Jamahiriya,LBY,145,,,,,,,,   2.4,,,,,,,,,,,,,,,,,,,,,,,1,,
Kaam,Libyan Arab Jamahiriya,LBY,145,SE / Khoms,Khoms,Kaam,,,1979,50,   111.0,,13000,x,,,,,,,,,,,,,,,,,,,,,,
Lebda,Libyan Arab Jamahiriya,LBY,145,SE / Khoms,Khoms,Libda,,,1982,33,   5.2,,  700,x,,x,,,,,,,,,,,,,,,,,,,,
Mejenin IV,Libyan Arab Jamahiriya,LBY,145,Gharyan,Tripoli,Mejenin,Mediterranean Coast,Jeffara,1972,42,   58.0,, 6 000,x,,x,,,,,,,N,32,17,38,E,13,14,51,32.294,13.248,,,x,
Murkus,Libyan Arab Jamahiriya,LBY,145,,,,,,,,   0.15,,,,,,,,,,,,,,,,,,,,,,,1,,
Qattara,Libyan Arab Jamahiriya,LBY,145,Al Fatah,Benghazi,Qattara,Mediterranean Coast,Libyan north east coast,1973,55,   135.0,, 18 000,x,,x,,,,,,,N,32,1,32,E,20,24,29,32.026,20.408,,,x,
Tabrit,Libyan Arab Jamahiriya,LBY,145,Zeleitin (zliten),Zletin,Tabrit,Mediterranean Coast,Sawf al Jin,1978,24,   1.6,,  340,,,x,,,,,,,N,32,16,48,E,14,28,51,32.280,14.481,,,x,
Zabid,Libyan Arab Jamahiriya,LBY,145,,,,,,,,   2.6,,,,,,,,,,,,,,,,,,,,,,,1,,
Zahawuijah,Libyan Arab Jamahiriya,LBY,145,,,,,,,,   2.8,,,,,,,,,,,,,,,,,,,,,,,1,,
Zaret,Libyan Arab Jamahiriya,LBY,145,Gharyan,Ghrian,Zart,Mediterranean Coast,Jeffara,1982,32,   8.6,, 1 300,x,,x,,,,,,,N,32,14,39,E,13,8,9,32.244,13.136,,,x,
Zaza,Libyan Arab Jamahiriya,LBY,145,Banghazi,Benghazi,Zaza,Mediterranean Coast,Libyan north east coast,1984,38,   2.0,,  188,x,,,,,,,,,N,32,22,32,E,20,32,42,32.376,20.545,,,x,
Ambilivily,Madagascar,MDG,150,Mahajanga,Marovoay,,Madagascar,Betsiboka,1954,13,   13.9,,,x,,,,,,,,,S,16,7,41,E,46,44,57,-16.128,46.749,31,1,x,
Amboromalandy,Madagascar,MDG,150,Mahajanga,Marovoay,,Madagascar,Betsiboka,1934,8,   30.0,,  500,x,,,,,,,,,S,17,1,12,E,46,40,30,-17.020,46.675,30,1,x,
Andilamena B2,Madagascar,MDG,150,Toamasina,Andilamena,Bemaitso,Madagascar,Sofia,1951,13,   3.5,,  875,x,,,,,,,,,S,16,57,0,E,48,22,0,-16.950,48.367,,,,
Andilamena B3,Madagascar,MDG,150,Toamasina,Andilamena,Ambodivato,Madagascar,Madagascar east coast,1951,13,   2.7,,  710,x,,,,,,,,,S,16,59,0,E,48,47,0,-16.983,48.783,,,,
Andranobe,Madagascar,MDG,150,Toamasina,Amparafaravola,,,,1971,10,   2.0,,,x,,,,,,,,,,,,,,,,,,,,1,,
Antanifotsy,Madagascar,MDG,150,Toamasina,Ambatondraza,Antanifotsy,Madagascar,Madagascar east coast,1958,17,   25.0,, 1 600,x,,,,,,,,,S,17,57,12,E,48,25,58,-17.953,48.433,,,x,
Mandraka,Madagascar,MDG,150,Toamasina,Antananarivo,Issu de Mantasoa,Madagascar,Madagascar east coast,1956,25,   0.36,,,,,,x,,,,,,S,18,3,,E,49,15,,-18.050,49.250,,,,
Mantasoa,Madagascar,MDG,150,Antananarivo,Antananarivo,Varahina-Nord,Madagascar,Betsiboka,1938,20,   125.0,, 20 000,,,,x,,,,,,S,18,57,20,E,47,53,2,-18.956,47.884,,,x,
Morafeno,Madagascar,MDG,150,Mahajanga,Marovoay,,,,1956,13,   13.0,,,x,,,,,,,,,,,,,,,,,,,,1,,
Morafeno,Madagascar,MDG,150,Toamasina,Amparafaravola,Anony,Madagascar,Madagascar east coast,1971,10,   3.0,, 1 000,x,,,,,,,,,S,17,21,0,E,48,22,30,-17.350,48.375,,,,
Sahamaloto,Madagascar,MDG,150,Toamasina,Amparafaravola,Sahamaloto,Madagascar,Madagascar east coast,1958,15,   15.0,, 1 600,x,,,,,,,,,S,17,25,38,E,48,18,29,-17.427,48.308,,,x,
Tsiazompaniry,Madagascar,MDG,150,Antananarivo,Antananarivo,Varahina-Sud,Madagascar,Betsiboka,1956,27,   260.0,, 31 000,x,,x,x,,,,,,S,19,15,19,E,47,50,38,-19.255,47.844,,,x,
Chitete,Malawi,MWI,152,,Kasungu Boma,,,,,12,   4.5,,,,,,,,,,,,,,,,,,,,,,,1,,
Kamuzu Dam I,Malawi,MWI,152,Central,Lilongwe,Lilongwe,Zambezi Basin,Lilongwe,1966,18,   5.2,,,,x,,,,,,,,S,14,10,29,E,33,38,31,-14.175,33.642,34,1,x,
Kamuzu Dam II,Malawi,MWI,152,Central,Lilongwe,Lilongwe,Zambezi Basin,Lilongwe,,24,   19.0,,,,x,,,,,,,,S,14,9,59,E,33,41,13,-14.166,33.687,33,1,x,
Lunyangwa,Malawi,MWI,152,,Mzuzu City,,,,,20,   4.36,,,,,,,,,,,,,,,,,,,,,,,1,,
Mpira-Balaka,Malawi,MWI,152,,Ntcheu,,,,,29,   3.72,,,,,,,,,,,,,,,,,,,,,,,1,,
Mudi,Malawi,MWI,152,Southern,Blantyre,Mudi,Zambezi Basin,Shire,1954,17,   1.4,,,,,,x,,,,,,S,15,47,32,E,35,2,16,-15.792,35.038,,,x,
Mulunguzi,Malawi,MWI,152,Southern,Zomba,,East Central Coast,Lake Chilwa,,44,   3.375,,,,,,,,,,,,S,15,21,42,E,35,18,52,-15.362,35.314,32,1,x,
Nankhuna,Malawi,MWI,152,,Blantyre,Nankhuna,,,1959,15,   0.2,,,,,,x,,,,,,,,,,,,,,,,,,,
Manantali,Mali,MLI,155,Kayes,Kayes,Bafing,Senegal River Basin,Bafing,1988,70,  11 270.0,, 477 000,x,,,,x,,,,,N,13,11,44,W,10,25,48,13.196,-10.430,,,x,
Markala,Mali,MLI,155,Segou,Markala,Niger,Niger River Basin,Niger,1947,8,   175.0,,,x,,,,,,,,,N,13,40,53,W,6,5,5,13.681,-6.085,35,,x,
Selingue,Mali,MLI,155,Sikasso,Bamako,Sankaran,Niger River Basin,Sankarani,1982,23,  2 170.0,, 430 000,x,,x,x,x,,,,,N,11,38,17,W,8,13,46,11.638,-8.229,,,x,
Sotuba,Mali,MLI,155,Koulikoro,Bamako,Niger,Niger River Basin,Niger,1929,,,,,x,,,x,,,,,,N,12,38,17,W,7,55,31,12.638,-7.925,35,,x,
Foum Gleita,Mauritania,MRT,159,Gorgol,Mbout,Gorgol Noir,Senegal River Basin,Senegal,1988,38,   500.0,,,x,,,,,,,,,N,16,9,23,W,12,40,4,16.156,-12.668,36,,x,
Champagne/Diamamouve,Mauritius,MUS,160,Moka,Curepipe,Grande Riviere du sud-est,Madasgacar,Islands in the Indian Ocean,1984,36,   4.4,,  410,,,,x,,,,,,S,20,19,24,E,57,35,28,-20.323,57.591,,,,
Dagotier,Mauritius,MUS,160,,,,,,,,   0.6,,,,,,,,,,,,,,,,,,,,,,,1,,
Eau Bleau,Mauritius,MUS,160,Grand Port,Rose Belle,Eau Bleau,Madasgacar,Islands in the Indian Ocean,1961,18,   6.2,,,,,,x,,,,,,S,20,21,7,E,57,35,52,-20.352,57.598,,,,
La Ferme,Mauritius,MUS,160,Black River,Rose Hill,Belle Isle,Madasgacar,Islands in the Indian Ocean,1941,10,   11.52,,,x,,,,,,,,,S,20,15,13,E,57,24,53,-20.254,57.415,,,,
La Nicoliere,Mauritius,MUS,160,Pamplemousses,Port Louis,Du Rampart,Madasgacar,Islands in the Indian Ocean,1927,17,   5.26,,,x,,,,,,,,,S,20,9,5,E,57,36,57,-20.151,57.616,,,x,
Mare aux Vacoas,Mauritius,MUS,160,Plaines Wilhems,Curpipe,Tamarin,Madasgacar,Islands in the Indian Ocean,1953,13,   25.89,,,x,,,x,,,,,,S,20,22,14,E,57,29,27,-20.371,57.491,,,x,
Mare Longue,Mauritius,MUS,160,Plaines Wilhems,Curepipe,Aigrettes,Madasgacar,Islands in the Indian Ocean,1947,15,   6.2,,,x,,,x,,,,,,S,20,22,34,E,57,27,43,-20.376,57.462,,,x,
Midland,Mauritius,MUS,160,,,Grand River South East,,,2003,20,   25.5,,,x,x,,,,,,,,,,,,,,,,,,,1,,
Piton du Milieu,Mauritius,MUS,160,Moka,Curpipe,Vaquois,Madasgacar,Islands in the Indian Ocean,1953,18,   3.0,,,x,,,,,,,,,S,20,17,40,E,57,34,29,-20.294,57.575,,,,
Tamarine,Mauritius,MUS,160,Black River,Vacoas,Tamarine,Madasgacar,Islands in the Indian Ocean,1952,12,   2.3,,,x,,,x,,,,,,S,20,21,21,E,57,27,57,-20.356,57.466,,,x,
Valetta,Mauritius,MUS,160,Moka,Quartier Militaire,Tatamaka,Madasgacar,Islands in the Indian Ocean,1965,,   2.0,,,,x,,x,,,,,,S,20,15,10,E,57,33,44,-20.253,57.562,,,,
Abdelmoumen,Morocco,MAR,169,Sud,Agadir,Issen,North West Coast,Souss - Massa,1981,94,   216.0,0.6,  750,x,x,,x,,,,,,N,30,40,30,W,9,11,58,30.675,-9.199,39,,x,
Achbarou,Morocco,MAR,169,El Rachidia,Rissani,Gaiz,,,1986,20,   1.0,,  290,x,,,,,,,x,,,,,,,,,,,,,,,
Agafay,Morocco,MAR,169,Al Haouz,Marrakech,Arissa,,,1986,28,   0.5,,  5,x,,,,,,,x,,,,,,,,,,,,,,,
Aggay,Morocco,MAR,169,Sefrou,Sefrou,Aggay,,,1994,40,   1.0,,  12,,,x,,,,,,,,,,,,,,,,,,1,,
Agherghise,Morocco,MAR,169,Sud,Buizakarene,Assif Nettella,North West Coast,Noun,1992,24,   0.3,,  40,,,x,,,,,,,N,29,5,40,W,9,46,30,29.094,-9.775,,,x,
Ahmed  Al  Hansali,Morocco,MAR,169,Béni Mellel,Fqih Ben Saleh,Oum Er Rbia,,,2001,101,   740.0,,,x,x,,,,,,,,,,,,,,,,,,,1,,
Ain Koreima,Morocco,MAR,169,Nord Ouest,Ain Aouda,Akrech,North West Coast,Bou Regreg,1987,26,   1.3,,  22,x,,,,,,,,,N,33,55,20,W,6,48,30,33.922,-6.808,,,,
Ain Tourtoute,Morocco,MAR,169,Khenifra,Khenifra,Behaligarane,,,1987,21,   0.9,,  20,x,,,,,,,,,,,,,,,,,,,,,,
Ait  Messaoud,Morocco,MAR,169,Béni Mellel,Béni Mellel,Oum Er Rbia,,,2003,34,   13.2,,,x,x,,,,,,,,,,,,,,,,,,,1,,
Ait Lamrabtya,Morocco,MAR,169,Khemisset,Oulmes,Kanaza,,,1985,19,   0.2,,  4,x,,,,,,,,,,,,,,,,,,,,,,
Ait Ouarda,Morocco,MAR,169,Centre,Beni Mellal,El Abid,North West Coast,Oum er Rbia,1953,43,   4.0,,  47,x,,,x,,,,,,N,32,6,10,W,6,55,10,32.103,-6.919,,,,
Ajras,Morocco,MAR,169,Nord Ouest,Tetouan,Ajras,Mediterranean Coast,Rif,1969,18,   3.0,,  100,x,,,,,,,,,N,35,34,7,W,5,29,46,35.569,-5.496,40,,x,
Akka N'Oussikiss,Morocco,MAR,169,Ouarzazate,Boulmane,N'Oussikiss,,,1986,42,   1.0,,  7,x,,,,,,,x,,,,,,,,,,,,,,,
Akkrouz,Morocco,MAR,169,Errachidia,Goulmina,Noukrouz,,,1986,24,   0.6,,  10,x,,,,,,,x,,,,,,,,,,,,,,,
Al  Wahda,Morocco,MAR,169,Taounate,Taounate,Ouergha,,,1996,88,  3 730.0,, 12 300,x,,,x,,,,,,,,,,,,,,,,,1,,
Al Massira,Morocco,MAR,169,Tensift,Settat,Oum Er R'Bia,North West Coast,Oum er Rbia,1979,82,  2 760.0,3.0, 14 100,x,x,,x,,,,,,N,32,28,29,W,7,38,14,32.475,-7.637,39,,x,
Al Thelat,Morocco,MAR,169,Nord Ouest,Tetouan,Lao,Mediterranean Coast,Rif,1935,36,   30.0,,  200,x,,,x,,,,,,N,35,14,43,W,5,17,28,35.245,-5.291,,,x,
Allal Al Fassi,Morocco,MAR,169,Centre Nord,Setrou,Sebou,North West Coast,Sebou,1990,61,   81.5,,  480,x,x,,x,,,,,,N,33,55,55,W,4,40,34,33.932,-4.676,,,x,
Aman Sayernine,Morocco,MAR,169,El Hajeb,El Hajeb,Dfali,,,1987,16,   0.3,,  7,,,x,,,,,,,,,,,,,,,,,,,,
Aoulouz,Morocco,MAR,169,Sud,Taliouine,Souss-Massa,North West Coast,Souss - Massa,1991,79,   110.0,,  510,x,,x,,,,,,,N,29,47,20,W,9,26,0,29.789,-9.433,37,,,
Arabat,Morocco,MAR,169,Nador,Nador,Arabat,,,1995,17,   2.0,,  48,,x,,,,,,,,,,,,,,,,,,,1,,
Arid,Morocco,MAR,169,Khemisset,Rommani,Arid,,,1985,20,   0.7,,  13,x,x,,,,,,,,,,,,,,,,,,,,,
Asfalou,Morocco,MAR,169,Taounate,Taounate,Asfalou,,,1999,112,   317.0,,,x,,,,,,,,,N,34,36,44,W,4,34,29,34.612,-4.575,,1,,
Assif Taguenza,Morocco,MAR,169,Agadir Outanane,Agadir,Taguenza,,,1986,24,   0.4,,  5,x,,,,,,,,,,,,,,,,,,,,,,
Azib Douirani,Morocco,MAR,169,Chichaoua,Chichaoua,Douirane,,,1987,15,   0.6,,  15,,x,x,,,,,,,,,,,,,,,,,,,,
Bab  Louta,Morocco,MAR,169,Taounate,Taounate,Laoutar,,,1999,54,   37.0,,,,,,,,,,,,,,,,,,,,,,,1,,
Batmat Rma,Morocco,MAR,169,Taourirt,Taourirt,Ain Hamou,,,1987,20,   0.8,,  20,x,,,,,,,x,,,,,,,,,,,,,,,
Ben  Yakhlef,Morocco,MAR,169,Tétouan,Tétouan,Ben  Yakhlef,,,1997,18,   0.3,,,x,,,,,,,,,,,,,,,,,,,,1,,
Bin El Ouidane,Morocco,MAR,169,Centre,Azilal,El Abid,North West Coast,Oum er Rbia,1953,133,  1 484.0,6.7, 3 820,x,,,x,,,,,,N,32,6,24,W,6,27,50,32.107,-6.464,39,,,
Blad El Gaada,Morocco,MAR,169,Centre Nord,Boufrekane,Boufrekane,North West Coast,Sebou,1991,30,   2.9,,  38,,,x,,,,x,,,N,33,57,30,W,5,5,50,33.958,-5.097,,,x,
Bnismir,Morocco,MAR,169,Khouribgha,Ouedzem,Ouedzem,,,1986,16,   0.9,,  24,,x,,,,,,,,,,,,,,,,,,,,,
Bouhouda,Morocco,MAR,169,Taounate,Taounate,Sra,,,1998,55,   55.5,,  343,x,x,,,,,,,,,,,,,,,,,,,1,,
Bouhouta,Morocco,MAR,169,Safi,Safi,Bouhputa,,,2001,19,   0.9,,,,,,,,,,,,,,,,,,,,,,,1,,
Boukerdane,Morocco,MAR,169,Boulmenane,Missour,Boutaaricht,,,1986,22,   0.4,,  8,x,,,,,,,x,,,,,,,,,,,,,,,
Boukhalefi I,Morocco,MAR,169,Tanger,Tanger,Msaber,,,1989,20,   1.1,,  15,x,,,,,,,,,,,,,,,,,,,,,x,
Bouknadel,Morocco,MAR,169,Khémisset,Khémisset,Serou,,,1998,19,   1.0,,,,,,,,,,,,,,,,,,,,,,,1,,
Boutaaricht,Morocco,MAR,169,Errachidia,Rich,Boutaaricht,,,1986,18,   0.7,,  32,x,,,,,,,x,,,,,,,,,,,,,,,
Daourat,Morocco,MAR,169,Centre,Settat,Oum Er R'Bia,North West Coast,Oum er Rbia,1950,40,   9.5,,  260,,,,x,,,,,,N,32,56,9,W,8,3,49,32.936,-8.064,39,,x,
Dkhila,Morocco,MAR,169,Sud,Agadir,Issen,North West Coast,Souss - Massa,1986,32,   0.7,, 1 335,x,x,,,,,,,,N,30,34,9,W,9,17,8,30.569,-9.286,42,,x,
Douiss,Morocco,MAR,169,Centre Sud,Boudnib,Douiss,North Interior,Guir,1992,21,   0.9,,  23,x,,,,,,,x,,N,31,57,20,W,3,28,40,31.956,-3.478,,,x,
El  Menzel,Morocco,MAR,169,Berkane Taourirt,Taourirt,Oued Za,,,1997,18,   0.2,,  1,,,,,,,,,,,,,,,,,,,,,1,,
El Kansera,Morocco,MAR,169,Nord Ouest,Sidi Slimane,Beht,North West Coast,Sebou,1935,68,   297.0,19.6, 1 800,x,x,,x,,,,,,N,34,2,32,W,5,54,24,34.042,-5.907,39,,,
Essaf,Morocco,MAR,169,Taounate,Ghafsai,Essaf,,,1992,29,   1.0,,  17,,x,,,,,,x,,,,,,,,,,,,,,x,
Gard de Sebou,Morocco,MAR,169,Centre Nord,Kenitra,Sebou,North West Coast,Sebou,1991,18,   40.0,,  700,x,,,,,,,,,N,33,46,0,W,4,33,40,33.767,-4.561,38,,,
Garde Du Loukkos,Morocco,MAR,169,Nord Ouest,Larache,Loukkos,North West Coast,Loukkos,1981,9,   4.0,,  220,x,,,,,,,,,N,35,9,40,W,6,5,20,35.161,-6.089,37,,,
Gharbia,Morocco,MAR,169,Taounate,Taounate,Ouergha,,,1997,22,   1.0,,,x,,,,,,,,,,,,,,,,,,,,1,,
Hammou Ourzag,Morocco,MAR,169,Oriental,Bouarfta,Hammou Ourzag,North Interior,Guir,1986,14,   1.6,,  68,,,,,,,,x,,N,32,43,40,W,2,34,4,32.728,-2.568,,,x,
Hassan  II,Morocco,MAR,169,Berkane Taourirt,Taourirt,Oued Za,,,1998,83,   275.0,,  775,x,x,,,,,,,,,,,,,,,,,,,1,,
Hassan 1°,Morocco,MAR,169,Tensift,Demnate,Lakhdar,North West Coast,Oum er Rbia,1986,145,   273.0,3.7,  670,x,x,,x,,,,,,N,31,50,45,W,7,4,42,31.846,-7.078,39,,x,
Hassan Addakhil,Morocco,MAR,169,Centre Sud,Errachdia,Ziz,North Interior,Ziz,1971,85,   369.0,5.7, 1 900,x,x,x,,,,,,,N,31,59,38,W,4,27,42,31.994,-4.462,39,,x,
Ibn Batouta,Morocco,MAR,169,Nord Ouest,Tanger,Mharhar,Mediterranean Coast,Rif,1977,30,   43.6,12.7,  600,,x,,,,,,,,N,35,38,24,W,5,43,56,35.640,-5.732,39,,x,
Idriss 1°,Morocco,MAR,169,Centre Nord,Inaouene,Inaouene,North West Coast,Sebou,1973,72,  1 217.0,2.5, 6 800,x,,,x,,,,,,N,34,9,40,W,4,44,56,34.161,-4.749,39,,x,
Imaouene,Morocco,MAR,169,Guelmim,Buizakarene,Imaouene,,,1992,23,   0.2,,  6,,,x,,,,,,,,,,,,,,,,,,,x,
Imfout,Morocco,MAR,169,Centre,Settat,Oum Er R'Bia,North West Coast,Oum er Rbia,1944,50,   83.0,,  875,x,x,,x,,,,,,N,32,43,32,W,7,55,36,32.726,-7.927,,,x,
Imin  El   Kheng,Morocco,MAR,169,Taroudant,Taroudant,Berhil,,,1993,39,   12.0,,  165,x,,,,,,,,,,,,,,,,,,,,1,,
Imin Larbaa,Morocco,MAR,169,Al Haouz,Marrakech,Tighizrit,,,1985,16,   0.8,,  19,x,,,,,,,,,,,,,,,,,,,,,,
Imin Lhad,Morocco,MAR,169,Essaouira,Tamanar,Zeddir,,,1987,23,   0.4,,  7,x,,,,,,,x,,,,,,,,,,,,,,,
Injil,Morocco,MAR,169,Missour,Missour,Taghoucht,,,1995,36,   12.0,,  305,x,x,,,,,,,,,,,,,,,,,,,1,,
Itzar,Morocco,MAR,169,Khenifra,Itzer,Oued Tifitchout,,,1989,30,   0.7,,  11,x,,,,,,,,,,,,,,,,,,,,,x,
Jorf El Ghorab,Morocco,MAR,169,Taounate,Ouartzagh,Jorf El Ghorab,,,1992,29,   0.9,,  14,,x,,,,,,,,,,,,,,,,,,,,x,
Joumouaa,Morocco,MAR,169,Al Hoceima,Tarquist,Joumouaa,,,1992,57,   6.5,,  18,,x,,,,,,,,,,,,,,,,,,38,,,
Kasba Tadla,Morocco,MAR,169,Centre,Fqih Ben Saleh,Oumer R'Bia,North West Coast,Oum er Rbia,1931,12,   0.1,,  4,x,,,,,,,,,N,32,35,15,W,6,20,47,32.588,-6.346,,,x,
Kheng El Hda,Morocco,MAR,169,Oriental,Oujda,Marbouha,Mediterranean Coast,Moulouya,1986,15,   3.8,,  38,,,,,,,,x,,N,34,4,40,W,2,58,50,34.078,-2.981,,,x,
Kwacem Aval,Morocco,MAR,169,Settat,Settat,Chguigua,,,1985,12,   3.0,,  20,,,,,,,,x,,,,,,,,,,,,,,x,
Lalla Takerkoust,Morocco,MAR,169,Tensift,Marrakech,N'tis,North West Coast,Tensift,1935,71,   96.0,27.6,  600,x,,,x,,,,,,N,31,21,18,W,8,8,9,31.355,-8.136,39,,x,
Mahraz,Morocco,MAR,169,Fes,Fes,Oued Fes,,,1992,17,   0.6,,  18,,,x,,,,x,,,,,,,,,,,,,,,x,
Mansour Eddahbi,Morocco,MAR,169,Sud,Ouarzazate,Draa,North West Coast,Dra,1972,70,   592.0,10.6, 4 760,x,x,x,x,,,,,,N,30,55,0,W,6,46,0,30.917,-6.767,39,,x,
Mechra Homadi,Morocco,MAR,169,Oriental,Berkane,Moulouya,Mediterranean Coast,Moulouya,1955,57,   42.0,76.0,  285,x,x,,x,,,,,,N,34,44,12,W,2,48,18,34.737,-2.805,37,,x,
Mellah,Morocco,MAR,169,Centre,Mohammadia,Mellah,North West Coast,Bou Regreg,1931,33,   18.0,55.0,  240,x,x,,,,,,,,N,33,30,16,W,7,19,53,33.504,-7.331,37,,x,
Mohamed Ben Abdelkrim El Khattabi,Morocco,MAR,169,Centre Nord,Al Hoceima,Neckor,Mediterranean Coast,Rif,1981,40,   43.0,16.2,  386,x,x,,,,,,,,N,35,5,8,W,3,49,9,35.086,-3.819,39,,x,
Mohammed V,Morocco,MAR,169,Centre Nord,Berkane,Moulouya,Mediterranean Coast,Moulouya,1967,64,   725.0,35.4, 5 100,x,x,,x,,,,,,N,34,39,47,W,2,56,18,34.663,-2.938,39,,x,
Mokhtar  Soussi,Morocco,MAR,169,Taroudant,Taliouine,Choukoukane,,,2001,60,   50.0,,  233,x,,,,,,,,,,,,,,,,,,,,1,,
Mouilah,Morocco,MAR,169,Khouribgha,Boujaad,Mouilah,,,1987,16,   0.5,,  13,x,,,,,,,,,,,,,,,,,,,,,,
Moulay   Abdellah,Morocco,MAR,169,Agadir Ida Outanane,Agadir,Tamri,,,2002,70,   110.0,,,,x,,,,,,,,,,,,,,,,,,,1,,
Moulay Youssef,Morocco,MAR,169,Tensift,Marrakech,Tessaout,North West Coast,Oum er Rbia,1969,100,   197.0,11.1,  495,x,,,x,,,,,,N,31,38,43,W,7,15,40,31.645,-7.261,39,,x,
Msakhskha,Morocco,MAR,169,Oriental,Oujda,Msakhskha,Mediterranean Coast,Algerian west coast,1985,20,   2.7,,  83,,,,,,,,x,,N,34,33,20,W,1,58,0,34.556,-1.967,,,,
Nakhla,Morocco,MAR,169,Nord Ouest,Tetouan,Nakhla,Mediterranean Coast,Rif,1961,46,   13.0,46.8,  68,,x,,,,,,,,N,35,26,44,W,5,24,30,35.446,-5.408,39,,x,
Neuf   Avril  1947,Morocco,MAR,169,Tétouan,Tétouan,Hachef,,,1995,52,   300.0,, 1 620,,x,,,,,,,,,,,,,,,,,,,1,,
Ouazzane,Morocco,MAR,169,Nord Ouest,Ouazzane,Bou Déroua,North West Coast,Sebou,1937,16,   0.4,,,,x,,,,,,,,N,34,42,55,W,5,28,24,34.715,-5.473,,,,
Oued Aricha,Morocco,MAR,169,Centre,Ben Ahmed,Oued Aricha,North West Coast,Bou Regreg,1990,30,   1.8,,  26,,,,,,,,x,,N,33,8,40,W,7,3,30,33.144,-7.058,,,x,
Oued El Makhazine,Morocco,MAR,169,Nord Ouest,Ksar El Kebir,Loukkos,North West Coast,Loukkos,1979,67,   807.0,4.2, 4 100,x,x,,x,,,,,,N,34,56,30,W,5,50,22,34.942,-5.839,39,,x,
Ouled  Abbass,Morocco,MAR,169,Safi,Safi,Ouled  Abbass,,,2001,15,   0.9,,,,,,,,,,,,,,,,,,,,,,,1,,
Ras Bel Firane,Morocco,MAR,169,Taza,Oued Amfil,Bel Firane,,,1990,17,   0.3,,  10,x,x,,,,,,x,,,,,,,,,,,,,,x,
Ruidat Amont,Morocco,MAR,169,Centre,Sidi Yahya,Rouida,North West Coast,Bou Regreg,1987,24,   2.9,,  46,x,,,,,,,,,N,33,49,28,W,6,57,0,33.824,-6.950,,,x,
Saboun,Morocco,MAR,169,Tanger,Tanger,Saboun,,,1991,15,   1.1,,  27,x,,,,,,,,,,,,,,,,,,,,,x,
Safi,Morocco,MAR,169,Tensift,Safi,Asmine ou Sahir,North West Coast,Tensift,1965,18,   2.0,,  83,,x,,,,,,,,N,32,19,27,W,9,11,15,32.324,-9.188,42,,x,
Sahla,Morocco,MAR,169,Taounate,Taounate,Sahla,,,1994,55,   62.0,,  430,x,x,,,,,,,,,,,,,,,,,,,1,,
Saquia  Al  Hamra,Morocco,MAR,169,Laayoune,Laayoune,Saq.  Al  Hamra,,,1995,16,   110.0,, 3 000,,,x,,,,,,,,,,,,,,,,,,1,,
Sfa,Morocco,MAR,169,Ait Baha,Ait Baha,Sfa,,,1985,16,   0.6,,  12,,,x,,,,,,,,,,,,,,,,,,,,
Sghir,Morocco,MAR,169,Nord Ouest,Tanger,Sghir,Mediterranean Coast,Rif,1991,15,   2.3,,  65,x,,,,,,,,,N,35,42,30,W,5,23,0,35.708,-5.383,40,,x,
Si El Miari,Morocco,MAR,169,Centre,Kasbat Tadla,Takhzrit,North West Coast,Oum er Rbia,1986,21,   1.1,,  28,x,,,,,,,,,N,34,39,56,W,5,24,2,34.666,-5.401,,,x,
Sidi  Chahed,Morocco,MAR,169,Mèknès El Menzeh,Mèknès,Mikkès,,,1996,51,   170.0,, 1 083,x,x,,,,,,,,,,,,,,,,,,,1,,
Sidi Driss,Morocco,MAR,169,Centre,Demnate,Lakhdar,North West Coast,Oum er Rbia,1984,42,   7.0,79.0,  110,x,,,,,,,,,N,31,48,53,W,6,49,22,31.815,-6.823,37,,x,
Sidi Mohamed Ben Abdellah,Morocco,MAR,169,Nord Ouest,Rabat,Bouregreg,North West Coast,Bou Regreg,1974,99,   509.0,4.5, 2 800,,x,,,,,,,,N,33,56,16,W,6,44,59,33.938,-6.750,39,,x,
Sidi Said,Morocco,MAR,169,Khénifra,Midelt,Moulouya,,,2003,124,   400.0,, 1 270,x,x,x,x,,,,,,,,,,,,,,,,,1,,
Sidi Said Maachou,Morocco,MAR,169,Centre,El Jadida,Oum Er Rbia,North West Coast,Oum er Rbia,1929,29,   2.0,,  80,,x,,x,,,,,,N,33,9,17,W,8,6,54,33.155,-8.115,39,,x,
Smir,Morocco,MAR,169,Tetouan,Tetouan,Smir,,,1991,45,   43.0,,  325,,x,,,,,,,,,,,,,,,,,,,1,,
Taghdout,Morocco,MAR,169,Sud,Ouarzazate,Amra,North West Coast,Dra,1956,26,   3.0,,  12,x,,,,,,,,,N,30,37,27,W,7,18,19,30.624,-7.305,42,,x,
Timi Noutione,Morocco,MAR,169,Centre,Kela,Tessaout,North West Coast,Oum er Rbia,1981,45,   5.5,,  532,x,,,,,,,,,N,31,39,57,W,7,15,29,31.666,-7.258,39,,x,
Tizguit Aval,Morocco,MAR,169,Ifrane,Ifrane,Tizguit,,,1986,18,   0.1,,  6,,,x,,,,,,,,,,,,,,,,,,,,
Tizguite Amont,Morocco,MAR,169,Ifrane,Ifrane,Tizguite,,,1991,15,   0.3,,  13,,,x,,,x,,,,,,,,,,,,,,,,x,
Tlet Boubker,Morocco,MAR,169,Oriental,Tetouan,Irhane,Mediterranean Coast,Rif,1986,30,   2.8,,  76,x,,,,,,,,,N,35,8,10,W,2,54,50,35.136,-2.914,,,,
Touiltest,Morocco,MAR,169,Centre,Oued Zem,Touiltest,North West Coast,Oum er Rbia,1989,17,   1.0,,  27,x,,,,,,,x,,N,32,47,30,W,6,28,40,32.792,-6.478,,,x,
Youssf Ben Tachfine,Morocco,MAR,169,Sud,Biougra,Massa,North West Coast,Souss - Massa,1972,85,   320.0,5.2, 1 375,x,x,,,,,,,,N,29,50,44,W,9,29,41,29.846,-9.495,39,,x,
Zemrane,Morocco,MAR,169,Centre,Khouribga,Zemrane,North West Coast,Bou Regreg,1950,20,   0.6,,  12,x,,,,,,,,,N,33,3,32,W,6,54,0,33.059,-6.900,,,,
Aproveitamento 3,Mozambique,MOZ,170,Manica,,Pungoè,,,,21,   75.0,,,,,,x,,,,,,,,,,,,,,,,,1,,
Bué Maria,Mozambique,MOZ,170,Sofala,Nhamatanda,Pungoè,Indian Ocean Coast,Pungoe,,53,   402.0,,,x,,,x,,,,,,S,19,1,56,E,34,10,43,-19.032,34.179,,1,,
Cahora Bassa,Mozambique,MOZ,170,Tete,Tete,Zambeze,Zambezi Basin,Zambezi,1974,171,  52 000.0,,2 047 500,x,,x,x,,,,,,S,15,35,12,E,32,42,20,-15.587,32.706,,,x,
Chibandulire,Mozambique,MOZ,170,Manica,,Pungoè,,,,44,   227.0,,,,,,x,,,,,,,,,,,,,,,,,1,,
Chicamba Real,Mozambique,MOZ,170,Manica,Chimoio,Revué,Indian Ocean Coast,Buzi,1959,75,  1 536.0,, 120 000,,,x,x,,,,,,S,19,9,40,E,33,8,0,-19.161,33.133,,,x,
Chimoio,Mozambique,MOZ,170,Manica,Vila Pery,Mezingaze,Indian Ocean Coast,Buzi,1959,15,   0.27,,,,x,,,,,,,,S,19,13,32,E,33,30,39,-19.226,33.511,43,,,
Chipembe,Mozambique,MOZ,170,Cabo Delgado,Chipembe,Montepuez,East Central Coast,Montepuez / Megaruma,1985,15,   24.0,, 7 100,x,,,,,,,,,S,12,35,46,E,40,15,45,-12.596,40.263,,,x,
Corumana,Mozambique,MOZ,170,Maputo,Moamba,Sabié,Indian Ocean Coast,Incomati,1988,46,  1 273.0,, 68 000,x,,x,x,,,,,,S,25,13,13,E,32,8,2,-25.220,32.134,,,x,
Giboia,Mozambique,MOZ,170,Matola,Catuane,Maputo,,,,41,   115.0,,,x,,,,,,,,,,,,,,,,,,,,1,,
Locume/Lichinga,Mozambique,MOZ,170,Niassa,Lichinga,Luchiringo,,,1970,18,   1.7,,,,x,,,,,,,,,,,,,,,,,,43,,,
Luenha 7,Mozambique,MOZ,170,Tete,Tete,Luenha,,,,45,   650.0,,,,,,x,,,,,,,,,,,,,,,,,1,,
Luo,Mozambique,MOZ,170,Zambezia,Namarroi,Luo,,,,63,   650.0,,,,,,x,,,,,,,,,,,,,,,,,1,,
Lurio o Cua,Mozambique,MOZ,170,Nampula,Namapa,Lurio,,,,40,  2 500.0,,,,,,x,,,,,,,,,,,,,,,,,1,,
Lurio Quedas,Mozambique,MOZ,170,Nampula,Namapa,Lurio,,,,45,   837.0,,,,,,x,,,,,,,,,,,,,,,,,1,,
Macarretane,Mozambique,MOZ,170,Gaza,Chokwé,Limpopo,Limpopo Basin,Limpopo,1956,12,   15.0,,,x,x,,,,,,,,S,24,24,16,E,33,2,34,-24.404,33.043,"43, 46",,x,Sustains Chokwe Irrigation Scheme
Mapai,Mozambique,MOZ,170,Gaza,Vila Pinto Teixeira,Limpopo,Limpopo Basin,Limpopo,,65,  11 200.0,,,x,,,,,,,,,S,22,53,,E,31,57,,-22.883,31.950,,1,,
Massingir,Mozambique,MOZ,170,Gaza,Chokwé,Elefantes,Limpopo Basin,Elefantes,1976,48,  2 256.0,, 150 700,x,,x,x,,,,,,S,23,52,29,E,32,8,48,-23.875,32.147,,,x,
Mavuzi,Mozambique,MOZ,170,Manica,Vila Pery,Revue,Indian Ocean Coast,Buzi,1953,8,   1.2,,,,,,x,,,,,,S,19,31,34,E,33,29,34,-19.526,33.493,"43, 44",,x,
Moamba-Major-Secongene *,Mozambique,MOZ,170,Sofala,Moamba,Incomati/major/Secongene,Indian Ocean Coast,Pungoe,,40,   900.0,,,x,,,,,,,,,S,19,1,56,E,34,10,43,-19.032,34.179,,1,,
Monte Hombe,Mozambique,MOZ,170,Manica,Mavonde,Pungoè,,,,60,  1 246.0,,,,,,x,,,,,,,,,,,,,,,,,1,,
Mutala,Mozambique,MOZ,170,Zambezia,Alto Moloque,Molocue,,,,42,   220.0,,,,,,x,,,,,,,,,,,,,,,,,1,,
Nacala,Mozambique,MOZ,170,Nampula,Nacala,Moecula,East Central Coast,Ligonha,1971,17,   4.4,,,,x,,,,,,,,S,14,43,21,E,40,31,49,-14.723,40.530,,,x,
Nampula,Mozambique,MOZ,170,Nampula,Nampula,Monapo,,,1960,18,   4.0,,,,x,,,,,,,,,,,,,,,,,,43,,,
Pavua,Mozambique,MOZ,170,Manica,,Pungoè,,,,100,   636.0,,,,,,x,,,,,,,,,,,,,,,,,1,,
Pequenos Libombos,Mozambique,MOZ,170,Maputo,Boane,Umbeluzi,Indian Ocean Coast,Black Umbuluzi,1987,45,   357.0,, 50 000,x,x,x,,,,,,,S,26,5,42,E,32,14,30,-26.095,32.242,,,x,
Sussudenga,Mozambique,MOZ,170,Manica,Chimoio,Sussudenga,,,1963,45,   33.0,,,x,,,,,,,,,,,,,,,,,,,,,,
Tacuraminga,Mozambique,MOZ,170,Manica,,Pungoè,,,,68,   310.0,,,,,,x,,,,,,,,,,,,,,,,,1,,
Avis,Namibia,NAM,172,Khomas,Windhoek,Klein Windhoek,South Atlantic Coast,Swakop,1933,16,   2.417,,  550,,x,,,,,,,,S,22,31,43,E,17,0,32,-22.529,17.009,,,x,
Bondels,Namibia,NAM,172,Karas,Keetmanshoop,Satco,Orange Basin,Orange,1959,,   1.103,,  770,,,,,,,,,,S,28,5,0,E,18,37,0,-28.083,18.617,49,,,
Bondelswarts,Namibia,NAM,172,,,,,,,,,,,,,,,,,,,,,,,,,,,,,,,1,,
Daan Viljoen,Namibia,NAM,172,Omaheke,Gobabis,Black Nossob,Orange Basin,Nosob,1957,,   0.429,,  190,,,,,,,,,,S,22,12,35,E,18,50,20,-22.210,18.839,,1,,
Dreihuk,Namibia,NAM,172,Karas,Karasburg,Hoem,Orange Basin,Orange,1978,21,   15.49,, 3 490,,x,,,,,,,,S,28,6,0,E,18,35,50,-28.100,18.597,,,,
Friedenau,Namibia,NAM,172,Khomas,Windhoek,Kuiseb,South Atlantic Coast,Namibia south west coast,1971,23,   6.723,,  830,,x,,,,,,,,S,22,41,55,E,16,44,47,-22.699,16.746,,,x,
Goreangab,Namibia,NAM,172,Khomas,Windhoek,Gammams,Orange Basin,Auob,1958,18,   3.621,, 1 100,,x,,,,x,,,,S,22,54,0,E,17,11,10,-22.900,17.186,,,,
Hardap,Namibia,NAM,172,Hardap,Mariental,Vis,Orange Basin,Fish,1962,30,   294.6,, 28 770,x,x,x,,,x,,,,S,24,30,1,E,17,51,31,-24.500,17.859,,,x,
Naute,Namibia,NAM,172,Karas,Keetmanshoop,Lowen,Orange Basin,Fish,1971,37,   83.58,, 11 550,x,x,x,,,,,,,S,26,55,52,E,17,56,15,-26.931,17.938,,,x,
Nawaspoort,Namibia,NAM,172,Hardap,Windhoek,Usib,Orange Basin,Fish,1975,26,   3.0,, 1 035,,x,,,,,,,,S,24,27,0,E,16,40,0,-24.450,16.667,,,,
Oanob,Namibia,NAM,172,Khomas,Rehoboth,Oanob,Orange Basin,Auob,1990,50,   34.51,, 3 600,,x,,,,,,,,S,23,9,0,E,16,56,0,-23.150,16.933,,,,
Olushandja,Namibia,NAM,172,Omusati,Omusati,Etaka Oshona,South Interior,Omuramba Ovambo,1971,,   42.33,, 29 000,,,,,,,,,,S,17,25,50,E,14,38,57,-17.431,14.649,50,1,x,
Omarur Delta (OMDEL),Namibia,NAM,172,Erongo,Henties Bay,,South Atlantic Coast,Omaru,,,   41.29,,,,,,,,,,,,S,21,54,6,E,14,32,36,-21.902,14.543,51,1,x,
Omatako,Namibia,NAM,172,Otjozondjupa,Okahandja,Amatako,South Interior,Omuramba Omatako,1981,12,   43.5,, 13 010,,x,,,,,,,,S,21,8,51,E,17,10,39,-21.148,17.178,,,x,
Omatjenne,Namibia,NAM,172,Otjozondjupa,Otjiwarongo,Ugab,South Atlantic Coast,Ugab,1933,,   5.063,, 2 590,,,,,,,,,,S,20,25,0,E,16,29,0,-20.417,16.483,49,,,
Otjitazu,Namibia,NAM,172,,,,,,,,,,,,,,,,,,,,,,,,,,,,,,,1,,
Otjivero Main,Namibia,NAM,172,Khomas,Windhoek,White Nossob,Orange Basin,Nosob,1984,,   9.808,, 1 540,,,,,,,,,,S,22,17,19,E,17,57,55,-22.289,17.965,50,1,x,
Otjivero Silt,Namibia,NAM,172,Khomas,Windhoek,White Nossob,Orange Basin,Nosob,1990,17,   7.795,, 3 160,,,,,,,,,x,S,22,17,40,E,17,56,26,-22.294,17.941,,,x,
S. Von Bach,Namibia,NAM,172,Otjozondjupa,Okahandja,Swakop,South Atlantic Coast,Swakop,1971,35,   48.56,, 4 890,,x,,,,,,,,S,22,0,46,E,16,57,7,-22.013,16.952,,,x,
Swakoppoort,Namibia,NAM,172,Otjozondjupa,Okahandja,Swakop,South Atlantic Coast,Swakop,1977,33,   63.49,, 7 860,,x,,,,,,,,S,22,12,22,E,16,35,29,-22.206,16.591,,,x,
Tilda Viljoen,Namibia,NAM,172,Omaheke,Gobabis,Black Nossob,Orange Basin,Nosob,1964,14,   1.224,, 1 900,,,,,,,,,,S,22,26,39,E,18,57,10,-22.444,18.953,"49, 50",,x,
Ajiwa,Nigeria,NGA,182,Kaduna,Ajiwa,Jagwai,,,1973,14,   22.73,, 5 180,x,x,,,,,,,,,,,,,,,,,,,,,
Ankwil,Nigeria,NGA,182,Plateau,Bukuru,Tenti,Niger River Basin,Gongola,1964,26,   31.0,,,,,,x,,,,,,N,9,45,53,E,8,58,24,9.765,8.973,,,x,
Asa,Nigeria,NGA,182,Kwara,Ilorin,Kwara,Niger River Basin,Niger,,27,   43.0,,,,x,,,,,,,,N,8,26,34,E,4,33,11,8.443,4.553,52,,x,
Asejire,Nigeria,NGA,182,Osun,Asejire,Oshun,West Coast,Oshun,1969,26,   32.91,, 5 260,,x,,,,,,,,N,7,21,48,E,4,8,0,7.363,4.133,,,x,
Awon,Nigeria,NGA,182,Oyo,Oyo,Awon,West Coast,Ogun,1962,15,   9.8,, 2 024,,x,,,,,,,,N,7,57,53,E,3,53,28,7.965,3.891,,,x,
Bagoma,Nigeria,NGA,182,Niger,Birningwari,Kusheriki,Niger River Basin,Kaduna,1974,17,   5.455,, 2 024,x,x,,,,,,,,N,10,27,,E,6,20,,10.450,6.333,,,,
Bakolori,Nigeria,NGA,182,Sokoto,Sokoto,Sokoto,Niger River Basin,Sokoto,1978,48,   450.0,,,x,,,,,,,,,N,12,30,42,E,6,10,54,12.512,6.182,,,x,
Balanga,Nigeria,NGA,182,Bauchi,Dadyia,Balanga,Niger River Basin,Gongola,1987,41,   73.0,, 11 000,x,,,,,,,,,N,9,55,22,E,11,36,2,9.923,11.601,52,,x,
Biu,Nigeria,NGA,182,Borno,Biu,Divama,Niger River Basin,Gongola,,,   11.9,, 3 000,x,x,,,,,,,,N,10,38,18,E,12,5,27,10.638,12.091,52,,x,
Bokkos,Nigeria,NGA,182,Plateau,Jos,Maber,Niger River Basin,Benue,,15,   5.0,,,x,x,,,,,,,,N,9,21,,E,8,55,,9.350,8.917,52,,,
Bosso,Nigeria,NGA,182,Niger,Minna,Karuko,Niger River Basin,Chanchaga,1946,17,,,,,x,,,,,,,,N,9,7,,E,6,8,,9.117,6.133,52,,,
Challawa Gorge Dam,Nigeria,NGA,182,Kano,Kano,Challawa,Lake Chad Basin,Hadedja,1992,42,   930.0,, 100 000,x,x,,,,,,,,N,11,42,9,E,8,1,59,11.703,8.033,52,,x,
Dadin Kowa,Nigeria,NGA,182,Bauchi,Shani,Gongola,Niger River Basin,Gongola,1988,42,  2 855.0,, 300 000,x,x,,x,,,,,,N,10,19,19,E,11,28,50,10.322,11.481,52,,x,
Doma,Nigeria,NGA,182,Plateau,Wamba,Ohana,Niger River Basin,Benue,1988,16,   37.5,, 2 200,x,x,,,,,,,,N,8,20,59,E,8,17,54,8.350,8.298,52,,x,
Dutsin-Ma,Nigeria,NGA,182,Kaduna,Dutsin-Ma,Dutsin-Ma,,,1973,10,   1.604,,  850,x,x,,,,,,,,,,,,,,,,,,,,,
Eagauda,Nigeria,NGA,182,Kano,Tiga,Kano,Lake Chad Basin,Hadedja,1970,20,   22.14,, 3 760,x,x,,,,,,,x,N,11,35,3,E,8,23,4,11.584,8.384,,,x,
Egbe,Nigeria,NGA,182,Edo,Akure,Osse,West Coast,Osse,1983,22,   21.5,,,,x,,,,,,,,N,7,14,,E,5,57,,7.233,5.950,52,,,
Ejigbo,Nigeria,NGA,182,Oyo,Ejigbo,Ara,,,,20,   14.6,, 4 100,,x,,,,,,,,,,,,,,,,,,,,,
Erinle,Nigeria,NGA,182,Kwara,Oshogbo,Erinle,West Coast,Oshun,1989,27,   94.0,, 16 400,,x,,,,,,,,N,7,53,39,E,4,32,6,7.894,4.535,52,,x,
Ero,Nigeria,NGA,182,Ondo,Ado Ekiti,Ero,Niger River Basin,Kampe,1987,22,   20.0,,,x,x,,,,,,,,N,7,59,24,E,5,11,30,7.990,5.192,52,,x,
Faw Faw,Nigeria,NGA,182,Oyo,Sharki,Faw  Faw,West Coast,Ogun,1967,15,   0.668,,  223,,x,,,,,,,,N,8,41,13,E,3,22,28,8.687,3.374,,,x,
Gari,Nigeria,NGA,182,Kano,Danbatta,Gari,Lake Chad Basin,Hadedja,1980,22,   214.0,, 33 180,x,,,,,,,,x,N,12,26,49,E,8,19,4,12.447,8.318,,,x,
Gfant's House,Nigeria,NGA,182,Plateau,Jos,Rafin-Sanyi,,,,26,   6.5,,,,x,,,,,,,,,,,,,,,,,,,,,
Goronye,Nigeria,NGA,182,Sokoto,Gorroye,Rima,Niger River Basin,Rima,1983,20,   942.0,,,x,,,,,,,,,N,13,31,55,E,5,52,57,13.532,5.883,,,x,
Gubi,Nigeria,NGA,182,Bauchi,Bauchi,,Niger River Basin,Gongola,,27,   38.4,, 5 900,,x,,,,,,,,N,10,25,13,E,9,52,44,10.420,9.879,,,x,
Gusau,Nigeria,NGA,182,Sokoto,Gusau,Sokoto,Niger River Basin,Sokoto,,22,   3.0,,,x,x,,,,,,,,N,12,8,47,E,6,40,13,12.146,6.670,52,,x,
Guzan,Nigeria,NGA,182,Niger,Bida,Yiko,Niger River Basin,Kaduna,,,   20.0,,,x,x,,,,,,,,N,9,17,,E,5,39,,9.283,5.650,52,,,
Guzu Guzu,Nigeria,NGA,182,Kano,Gwarzo,Guzu Guzu,Lake Chad Basin,Hadedja,1979,17,   24.6,, 6 350,x,,,,,,,,x,N,11,57,25,E,8,7,53,11.957,8.131,,,x,
Hadejia,Nigeria,NGA,182,,,,,,1994,9,   11.4,,,x,,,,,,,,,,,,,,,,,,,,1,,
Igbojaiye,Nigeria,NGA,182,Oyo,Shaki,Oye,West Coast,Ogun,1991,18,   5.6,,,x,x,,,,,,,,N,8,17,,E,3,16,,8.283,3.267,52,,,
Ikere Gorge,Nigeria,NGA,182,Oyo,Shaki,Ogun,West Coast,Ogun,,48,   265.0,, 80 000,x,x,,x,,,,,,N,8,11,25,E,3,43,17,8.190,3.721,52,,x,
Iku,Nigeria,NGA,182,Fct,Suleja,Iku,Niger River Basin,Gurara,,28,   42.7,, 4 300,x,,,,,,,,,N,8,59,,E,7,2,,8.983,7.033,52,,,
Jabi,Nigeria,NGA,182,Fct,Abuja,Jabi,Niger River Basin,Gurara,1982,15,   6.0,,,,,,x,,,,,,N,9,4,3,E,7,24,59,9.068,7.416,52,,x,
Jebba,Nigeria,NGA,182,Kwara,Jebba,Niger,Niger River Basin,Niger,1984,40,  3 600.0,, 360 000,,,,x,,,,,,N,9,8,12,E,4,47,18,9.137,4.788,,,x,
Jekara,Nigeria,NGA,182,Kano,Minjibir,Jekara,Lake Chad Basin,Hadedja,1976,14,  6 519.0,, 16 590,x,,,,,,,,x,N,12,8,13,E,8,41,34,12.137,8.693,,,x,
Jibiya,Nigeria,NGA,182,Katsina,Katsina,Gada,Niger River Basin,Bunsuru,1990,22,   142.7,, 26 000,x,x,,,,,,,,N,13,4,19,E,7,14,34,13.072,7.243,52,,x,
Kafin Zaki,Nigeria,NGA,182,Bauchi,Bauchi,Buang,Lake Chad Basin,Jamaare,,40,  2 700.0,, 250 000,x,,,,,,,,,N,10,47,,E,9,37,,10.783,9.617,52,,,
Kafin-Chiri,Nigeria,NGA,182,Kano,Sumaila,Jatau,Lake Chad Basin,Hadedja,1977,16,   31.12,, 8 420,x,x,,,,,,,x,N,11,36,39,E,8,51,14,11.611,8.854,,,x,
Kagara,Nigeria,NGA,182,Niger,Kontagora,Kagara,Niger River Basin,Kaduna,,31,   43.0,, 5 800,,x,,,,,,,,N,10,13,,E,6,13,,10.217,6.217,52,,,
Kainji,Nigeria,NGA,182,Niger,Kainji,Niger,Niger River Basin,Niger,1968,79,  15 000.0,, 1 250,,,,x,,,,,,N,9,51,47,E,4,36,39,9.863,4.611,,,x,
Kangimi,Nigeria,NGA,182,Kaduna,Kaduna,Kangimi,Niger River Basin,Kaduna,1977,19,   59.21,, 11 140,x,x,,,,,,,,N,10,38,25,E,7,35,43,10.640,7.595,,,x,
Karaye,Nigeria,NGA,182,Kano,Karaye,Kurma,Lake Chad Basin,Hadedja,1971,15,   17.22,, 1 980,,x,,,,,,,x,N,11,49,4,E,8,1,49,11.818,8.030,,,x,
Kiri,Nigeria,NGA,182,Adamwara,Numan,Gongola,Niger River Basin,Gongola,1982,20,   615.0,, 110 000,x,,,,,,,,,N,9,40,51,E,12,0,57,9.681,12.016,52,,x,
Kontagora (1),Nigeria,NGA,182,Niger,Auna,Kontagora,Niger River Basin,Niger,1989,20,   17.7,, 3 700,,x,,,,,,,,N,10,5,,E,4,51,,10.083,4.850,52,,,
Kontagora (2),Nigeria,NGA,182,Niger,Kontagora,Kontagora,Niger River Basin,Niger,,32,   340.0,, 39 000,x,,,,,,,,,N,10,24,22,E,5,20,53,10.406,5.348,52,,x,
Kubli,Nigeria,NGA,182,Niger,Babana,Svasei,Niger River Basin,Niger,1992,17,   70.0,, 9 400,x,,,,,,,,,N,10,28,41,E,4,7,17,10.478,4.121,52,,x,
Kurra,Nigeria,NGA,182,Plateau,Jos,Tenti,Niger River Basin,Gongola,1929,19,   17.0,, 4 800,,,,x,,,,,,N,9,50,,E,9,13,,9.833,9.217,52,,,
Lantang,Nigeria,NGA,182,Plateau,Langtang,Yolyem,Niger River Basin,Benue,1979,19,   5.2,,  880,,x,,,,,,,,N,9,13,,E,9,53,,9.217,9.883,,,,
Liberty,Nigeria,NGA,182,Plateau,Jos,Rafin Sanyi,,,1973,27,   0.077,,,,x,,,,,,,,,,,,,,,,,,,,,
Magaga,Nigeria,NGA,182,Kano,Gwarzo,Magaga,Lake Chad Basin,Hadedja,1980,19,   19.68,, 3 720,x,,,,,,,,x,N,11,57,3,E,8,2,43,11.951,8.045,,,x,
Marashi,Nigeria,NGA,182,Katsina,Gwarzo,Marashi,Lake Chad Basin,Hadedja,1980,11,   6.77,, 2 145,x,,,,,,,,x,N,11,55,54,E,7,49,42,11.932,7.828,,,x,
Oba,Nigeria,NGA,182,Oyo,Ogbomosho,Oba,West Coast,Oshun,1964,13,   4.546,, 3 238,,x,,,,,,,,N,8,10,7,E,4,11,44,8.169,4.196,,,x,
Obudu,Nigeria,NGA,182,Cross River,Ogoja,Asa,Central West Coast,Cross,,15,   4.2,,  500,x,,,,,,,,,N,6,36,53,E,9,10,17,6.615,9.171,52,,x,
Omi,Nigeria,NGA,182,Kwara,Pategi,Kampe,Niger River Basin,Kampe,,42,   250.0,, 25 700,x,x,,,,,,,,N,8,12,16,E,5,38,18,8.204,5.638,52,,x,
Oshun,Nigeria,NGA,182,Kwara,Esa-Odo,Oshun,Niger River Basin,Niger,1977,11,   8.2,,,,x,,,,,,,,N,8,23,,E,4,49,,8.383,4.817,,,,
Otin,Nigeria,NGA,182,Ovo,Eko-Ende,Otin,,,1974,14,   5.455,, 4 856,,x,,,,,,,,,,,,,,,,,,,,,
Ouree,Nigeria,NGA,182,Plateau,,Ouree,,,1936,21,   6.7,,  100,,,,x,,,,,,,,,,,,,,,,52,,,
Oyan,Nigeria,NGA,182,Ogun,Abeokuta,Oyan,West Coast,Ogun,1983,30,   270.0,, 40 000,x,x,,x,,,,,,N,7,15,33,E,3,15,19,7.259,3.255,52,,x,
Pada,Nigeria,NGA,182,Kano,Gwarzo,,Lake Chad Basin,Hadedja,1980,14,   12.0,, 4 090,x,x,,,,,,,x,N,11,55,36,E,7,53,2,11.927,7.884,,,x,
Pankshin,Nigeria,NGA,182,Plateau,Pankshin,Kwangwal,Niger River Basin,Benue,,31,   5.0,,  730,,x,,,,,,,,N,9,18,36,E,9,24,24,9.310,9.407,,,x,
Pedan,Nigeria,NGA,182,FCT,,Pedan,,,,33,   5.8,,,,x,,,,,,,,,,,,,,,,,,52,,,
Ruwan Kanya,Nigeria,NGA,182,Kano,Kano,Kanya,Lake Chad Basin,Hadedja,1976,22,   33.0,,,x,,,,,,,,x,N,11,30,7,E,8,26,53,11.502,8.448,,,x,
Shen,Nigeria,NGA,182,Plateau,Bukuru,Shen,Niger River Basin,Benue,1979,,   3.4,, 3 600,,x,,,,,,,,N,8,53,32,E,9,31,53,8.892,9.531,,,x,
Shiroro,Nigeria,NGA,182,Niger,Minna,Kaduna/Dinya,Niger River Basin,Kaduna,1984,125,  7 000.0,, 312 000,,,,x,,,,,,N,9,58,24,E,6,50,5,9.973,6.835,,,x,
Suleja,Nigeria,NGA,182,Niger,Suleja,Iku,Niger River Basin,Gurara,,28,   52.0,, 7 400,x,,,,,,,,,N,9,13,11,E,7,14,21,9.220,7.239,52,,x,
Swashi,Nigeria,NGA,182,Niger,Babana,Swashi,Niger River Basin,Niger,1992,9,   5.0,,,x,,,,,,,,,N,10,26,45,E,4,12,12,10.446,4.203,52,,x,
Tagwai,Nigeria,NGA,182,Niger,Tasabo,Tagwai,Niger River Basin,Chanchaga,1978,25,   28.3,, 4 400,,x,,,,,,,,N,9,34,0,E,6,39,38,9.567,6.661,,,x,
Tenti,Nigeria,NGA,182,Plateau,Tenti,,,,1943,14,   14.15,,,,,,x,,,,,,,,,,,,,,,,,,,
Tiga,Nigeria,NGA,182,Kano,Chiroma,Kano,Lake Chad Basin,Hadedja,1974,48,  1 874.0,, 178 000,x,x,,,,,,,,N,11,27,53,E,8,24,28,11.465,8.408,,,x,
Tomas,Nigeria,NGA,182,Kano,Kunya,Tomas,Lake Chad Basin,Hadedja,1976,14,   60.3,, 14 970,x,x,,,,,,,x,N,12,18,26,E,8,31,33,12.307,8.526,,,x,
Toro,Nigeria,NGA,182,Bauchi,Jos,,Niger River Basin,Gongola,,,,,,x,x,,,,,,,,N,10,5,,E,9,18,,10.083,9.300,52,,,
Tudun Wada,Nigeria,NGA,182,Kano,Tudun Wada,,Lake Chad Basin,Hadedja,1977,21,   20.79,,,x,,,,,,,,x,N,11,16,33,E,8,25,30,11.276,8.425,,,x,
Tugan Kawo,Nigeria,NGA,182,,,,,,1988,12,   22.0,,,x,,,,,,,,,,,,,,,,,,,,1,,
Ussuman,Nigeria,NGA,182,Fct,Abuja,Ussuma,Niger River Basin,Gurara,1984,45,   120.0,, 8 000,,x,,,,,,,,N,8,52,,E,7,3,,8.867,7.050,52,,,
Watari,Nigeria,NGA,182,Kano,Bichi,Watari,Lake Chad Basin,Hadedja,1980,20,   104.6,, 19 590,x,,x,,,,,,,N,12,10,0,E,8,8,46,12.167,8.146,,,x,
Waya,Nigeria,NGA,182,Bauchi,Bauchi,Waya,Niger River Basin,Gongola,,23,   21.0,, 4 500,x,x,,,,,,,,N,10,20,43,E,10,0,51,10.345,10.014,52,,x,
Y. Gowon,Nigeria,NGA,182,Plateau,Jos,Shem,Niger River Basin,Gongola,1981,35,   30.0,, 5 000,,x,,,,,,,,N,9,30,,E,9,4,,9.500,9.067,52,,,
Zaria,Nigeria,NGA,182,Kaduna,Zaria,Galma,Niger River Basin,Kaduna,1975,15,   15.91,, 7 608,,x,,,,,,,,N,11,8,2,E,7,45,34,11.134,7.759,,,x,
Zobe,Nigeria,NGA,182,Katsina,Musawa,Karaduwa,Niger River Basin,Bunsuru,1983,19,   177.0,, 45 000,x,x,,,,,,,,N,12,22,6,E,7,27,53,12.368,7.465,52,,x,
Zuru,Nigeria,NGA,182,Kebbi,Zuru,Girmache,Niger River Basin,Gulbinka,1978,15,   5.85,, 22 500,,x,,,,,,,,N,11,37,,E,5,38,,11.617,5.633,,,,
Diama,Senegal,SEN,217,Saint-louis,Saint-Louis,Senegal,Senegal River Basin,Senegal,1986,18,   250.0,, 235 000,x,,,,,,,,,N,16,14,40,W,16,22,31,16.244,-16.375,,,x,
Guma,Sierra Leone,SLE,221,Western Area,Freetown,Guma,West Coast,Sewa,1966,69,   220.0,,,,,,x,,,,,,N,8,21,37,W,13,11,59,8.360,-13.200,,,x,
- no name -,South Africa,ZAF,227,Western Cape,Grabouw,Krom,South Atlantic Coast,Groot Berg,1971,,   0.193,0.0,,x,,,,,,,,,S,34,12,,E,19,4,,-34.200,19.067,,,,
- no name -,South Africa,ZAF,227,Western Cape,Ceres,Bakoonds,South Atlantic Coast,Olifants,1966,,   0.339,0.0,,x,,,,,,,,,S,33,16,,E,19,20,,-33.267,19.333,,,,
- no name -,South Africa,ZAF,227,Western Cape,Grabouw,Palmiet,South Atlantic Coast,Groot Berg,1965,,   0.522,0.0,,x,,,,,,,,,S,34,10,,E,19,1,,-34.167,19.017,,,,Drying ground balancing
Afgunst,South Africa,ZAF,227,Western Cape,Herold,Afguns,Indian Ocean Coast,Gouritz,1963,,   0.144,0.0,,x,,,,,,,,,S,33,52,,E,22,28,,-33.867,22.467,,,,
Alartsfontein,South Africa,ZAF,227,Northern Cape,Arundel,Oorlogspoort,Orange Basin,Orange,1955,,   0.546,0.0,,,,,,,,,,,S,31,2,,E,25,27,,-31.033,25.450,53,,,
Albasini,South Africa,ZAF,227,Northern Province,Louis Trichardt,Luvuvhu,Limpopo Basin,Elefantes,1975,,   29.71,13.8,,x,,,,,,,,,S,23,6,27,E,30,7,31,-23.108,30.125,53,,x,
Albert Falls,South Africa,ZAF,227,Kwazulu-natal,New Hanover,Mgeni,Indian Ocean Coast,Mgeni,1983,,   289.2,0.1,,x,,,,,,,,,S,29,25,53,E,30,25,34,-29.431,30.426,53,,x,
Allemanskraal,South Africa,ZAF,227,Free State,Ventersburg,Sand,Orange Basin,Vaal,1981,,   182.5,16.9,,x,,,,,,,,,S,28,17,18,E,27,8,44,-28.288,27.146,53,,x,
Altenzur,South Africa,ZAF,227,Northern Province,Duiwelskloof,Koedoes,Limpopo Basin,Elefantes,1957,,   0.914,0.0,,,,,,,,,,,S,23,40,,E,30,2,,-23.667,30.033,53,,,
Amcor,South Africa,ZAF,227,Kwazulu-natal,Newcastle,Ncandu,Indian Ocean Coast,Tugela,1958,,   0.726,0.0,,,,,,,,,,,S,27,44,16,E,29,59,10,-27.738,29.986,53,,x,
Amersfoort,South Africa,ZAF,227,Mpumalanga,Amersfoort,Schulpspruit,Orange Basin,Vaal,1983,,   0.993,17.3,,,,,,,,,,,S,27,4,19,E,29,52,47,-27.072,29.880,53,,x,
Andalusia,South Africa,ZAF,227,Free State,Philippolis,Orange,Orange Basin,Orange,1945,,   2.746,0.0,,,,,,,,,,,S,30,24,,E,25,25,,-30.400,25.417,53,,,
Andrew/F C Turpin,South Africa,ZAF,227,Eastern Cape,Bedford,Nyara,Indian Ocean Coast,Groot Vis,1949,,   0.127,0.0,,,x,,,,,,,,S,32,39,12,E,26,4,19,-32.653,26.072,53,,,
Arieskraal,South Africa,ZAF,227,Western Cape,Grabouw,Palmiet,South Atlantic Coast,Groot Berg,1967,,   4.459,0.0,,x,x,,,,,,,,S,34,12,,E,19,1,,-34.200,19.017,53,,,
Arlington,South Africa,ZAF,227,Free State,Arlington,Hammanspruit,Orange Basin,Vaal,1961,,   0.501,0.0,,,,,,,,,,,S,28,0,58,E,27,53,13,-28.016,27.887,53,,x,
Armenia,South Africa,ZAF,227,Free State,Ladybrand,Leeu,Orange Basin,Caledon,1974,,   14.5,5.3,,x,,,,,,,,,S,29,21,51,E,27,7,45,-29.364,27.129,53,,x,
Aspeling,South Africa,ZAF,227,Northern Cape,Victoria West,Meltonwold,Orange Basin,Brak,1920,,   1.483,0.0,,,,,,,,,,,S,31,26,9,E,22,46,23,-31.436,22.773,53,,x,
Athlone,South Africa,ZAF,227,Mpumalanga,Middelburg,Du Toitspruit,Limpopo Basin,Elefantes,1922,,   0.272,0.0,,,,,,,,,,,S,25,47,31,E,29,27,15,-25.792,29.454,53,,x,
Aucampshoop,South Africa,ZAF,227,Northern Cape,Kimberley,Riet,Orange Basin,Riet,1955,,   1.358,0.0,,,,,,,,,,,S,28,59,,E,24,12,,-28.983,24.200,53,,,
Bakers,South Africa,ZAF,227,Eastern Cape,Willowmore,Laughing Waters,Indian Ocean Coast,Gamtoos,1961,,   0.407,0.0,,,x,,,,,,,,S,33,18,59,E,23,27,13,-33.316,23.454,53,,x,
Balfour,South Africa,ZAF,227,Mpumalanga,Volksrust,Van Rensburg,Indian Ocean Coast,Tugela,1941,,   0.363,0.0,,x,,,,,,,,,S,27,25,8,E,29,47,30,-27.419,29.792,53,,x,
Barend-Wessels,South Africa,ZAF,227,Free State,Kroonstad,Vals,Orange Basin,Vaal,,,   0.611,0.0,,,,,,,,,,,S,27,40,,E,27,14,,-27.667,27.233,53,,,
Basel Newmark,South Africa,ZAF,227,Western Cape,Caledon,Diep,South Atlantic Coast,Groot Berg,1938,,   0.131,0.0,,x,,,,,,,,,S,34,11,15,E,19,27,46,-34.188,19.463,53,,x,
Beenbreek,South Africa,ZAF,227,Karas,Pofadder,Orange,Orange Basin,Orange,1933,,   0.653,0.0,,,,,,,,,,,S,28,43,,E,19,27,,-28.717,19.450,53,,,Lat/Long located inside Namibia
Beervlei,South Africa,ZAF,227,Eastern Cape,Willowmore,Groot,Indian Ocean Coast,Gamtoos,1985,,   88.75,7.4,,,,x,,,,,,,S,33,4,37,E,23,29,29,-33.077,23.491,53,,x,
Bellair,South Africa,ZAF,227,Western Cape,Barrydale,Brak,Indian Ocean Coast,Gouritz,1981,,   10.08,8.5,,x,,,,,,,,,S,33,42,51,E,20,33,16,-33.714,20.554,53,,x,
Ben Etive,South Africa,ZAF,227,Western Cape,Ceres,Vals,South Atlantic Coast,Groot Berg,1969,,   1.151,0.0,,x,,,,,,,,,S,33,26,,E,19,19,,-33.433,19.317,53,,,
Bergendal,South Africa,ZAF,227,Western Cape,Grabouw,Krom,South Atlantic Coast,Groot Berg,1972,,   0.068,0.0,,,,,,,,,,,S,34,14,,E,19,5,,-34.233,19.083,53,,,
Bethal (1),South Africa,ZAF,227,Mpumalanga,Bethal,Blesbokspruit,Orange Basin,Vaal,1951,,   0.909,0.0,,,,,,,,,,,S,26,27,6,E,29,28,33,-26.452,29.476,53,,x,
Bethal (2),South Africa,ZAF,227,Western Cape,Paarl,Paarl,South Atlantic Coast,Groot Berg,1919,,   0.553,0.0,,,x,,,,,,,,S,33,43,57,E,18,55,55,-33.733,18.932,53,,x,
Bethulie,South Africa,ZAF,227,Free State,Bethulie,Bethuliespoort,Orange Basin,Orange,1979,,   1.968,69.8,,,x,,,,,,,,S,30,29,,E,25,28,,-30.483,25.467,53,,,
Bierspruit,South Africa,ZAF,227,Northern Province,Northam,Bierspruit,Limpopo Basin,Krokodil,1980,,   3.515,15.3,,,,,,,,,,,S,24,54,43,E,27,8,28,-24.912,27.141,53,,x,
Biggs,South Africa,ZAF,227,Eastern Cape,Middelburg,Klein Brak,Indian Ocean Coast,Groot Vis,1955,,   3.564,0.0,,,,,,,,,,,S,31,40,,E,25,18,,-31.667,25.300,53,,,
Bischoffs,South Africa,ZAF,227,Northern Province,Warmbaths,Plat,Limpopo Basin,Krokodil,1915,,   3.564,0.0,,,,,,,,,,,S,24,49,38,E,28,12,40,-24.827,28.211,53,,,
Blauwboschfontein,South Africa,ZAF,227,Northern Cape,Kimberley,Riet,Orange Basin,Riet,1965,,   1.566,0.0,,,,,,,,,,,S,29,0,,E,24,8,,-29.000,24.133,53,,,
Bloemhof (1),South Africa,ZAF,227,Eastern Cape,Graaff-Reinett,Rubidgespoort,Indian Ocean Coast,Sondags,1958,,   2.454,0.0,,x,,,,,,,,,S,32,1,,E,24,40,,-32.017,24.667,53,,,
Bloemhof (2),South Africa,ZAF,227,North-west,Bloemhof,Vaal,Orange Basin,Vaal,1981,,  1 264.0,1.7,,x,x,,,,,,,,S,27,39,30,E,25,37,27,-27.658,25.624,53,,x,
Bluegum,South Africa,ZAF,227,Western Cape,Somerset West,Diepgat,South Atlantic Coast,Groot Berg,1962,,   1.794,0.0,,x,,,,,,,,,S,34,2,,E,18,56,,-34.033,18.933,53,,x,
Blyde,South Africa,ZAF,227,Eastern Cape,Somerset West,Blyde,Indian Ocean Coast,Sondags,1962,,   1.162,0.0,,x,,,,,,,,,S,32,40,41,E,25,13,3,-32.678,25.218,53,,x,
Blyderivierspoort,South Africa,ZAF,227,Mpumalanga,Pilgrims Rest,Blyde,Limpopo Basin,Elefantes,1979,,   55.64,0.6,,,,,,,,,,,S,24,32,12,E,30,47,54,-24.537,30.798,53,,x,
Boesmanspruit,South Africa,ZAF,227,Mpumalanga,Carolina,Boesmanspruit,Indian Ocean Coast,Incomati,1958,,   0.376,0.0,,,,,,,,,,,S,26,2,,E,30,5,,-26.033,30.083,53,,,
Bon Accord,South Africa,ZAF,227,Gauteng,Pretoria,Apies,Limpopo Basin,Krokodil,1980,,   4.4,33.3,,x,,,,,,,,,S,25,37,20,E,28,11,23,-25.622,28.190,53,,x,
Bonkolo,South Africa,ZAF,227,Eastern Cape,Queenstown,Bonkolo,Indian Ocean Coast,Groot Kei,1908,,   7.015,0.0,,,x,,,,,,,,S,31,52,38,E,26,54,55,-31.877,26.915,53,,x,
Boomarang,South Africa,ZAF,227,Western Cape,Kleinmond,Palmiet,South Atlantic Coast,Groot Berg,1971,,   0.117,0.0,,x,,,,,,,,,S,34,15,,E,19,6,,-34.250,19.100,53,,,
Bos,South Africa,ZAF,227,Gauteng,Meyerton,Suikerbosrand,Orange Basin,Vaal,1951,,   0.339,0.0,,,,,,,,,,,S,26,39,,E,28,12,,-26.650,28.200,53,,,
Boskloof,South Africa,ZAF,227,Western Cape,Villiersdorp,Boskloof,South Atlantic Coast,Groot Berg,1970,,   0.274,0.0,,x,,,,,,,,,S,34,0,19,E,19,21,4,-34.005,19.351,53,,,
Boskop,South Africa,ZAF,227,North-west,Potchefstroom,Mooi,Orange Basin,Vaal,1981,,   20.85,1.9,,x,x,,,,,,,,S,26,34,11,E,27,7,1,-26.570,27.117,53,,,
Bospoort,South Africa,ZAF,227,North-west,Rustenburg,Hex,Limpopo Basin,Krokodil,1969,,   18.9,,,x,,,,,,,,,S,25,33,49,E,27,21,0,-25.564,27.350,53,,,
Brakpoort,South Africa,ZAF,227,Northern Cape,Three Sisters,Sout,Indian Ocean Coast,Gamtoos,,,   0.09,0.0,,x,,,,,,,,,S,31,48,,E,22,58,,-31.800,22.967,53,,,
Brandvlei,South Africa,ZAF,227,Western Cape,Worcester,Holsloot,South Atlantic Coast,Groot Berg,1983,,   303.8,,,,,,,,,,,,S,33,42,8,E,19,27,1,-33.702,19.450,53,,x,
Brandwagrivier,South Africa,ZAF,227,Western Cape,Mossel Bay,Brandwag,Indian Ocean Coast,Krom,,,,0.0,,,,,,,,,,,S,34,1,58,E,22,3,9,-34.033,22.053,53,,x,
Bravo,South Africa,ZAF,227,Eastern Cape,Steynsburg,Steynsburg,Indian Ocean Coast,Groot Vis,1958,,   0.23,0.0,,x,,,,,,,,,S,31,18,,E,25,47,,-31.300,25.783,53,,,
Brickfield,South Africa,ZAF,227,Western Cape,Paarl,Berg,South Atlantic Coast,Groot Berg,1963,,   0.339,0.0,,x,,,,,,,,,S,33,42,,E,19,0,,-33.700,19.000,53,,,
Bridledrift,South Africa,ZAF,227,Eastern Cape,East London,Buffels,Indian Ocean Coast,Groot Kei,1981,,   73.51,6.5,,,x,,,,,,,,S,32,59,25,E,27,43,24,-32.990,27.723,53,,x,
Brinksburg,South Africa,ZAF,227,Western Cape,Somerset West,Diepgat,South Atlantic Coast,Groot Berg,1962,,   0.402,0.0,,x,,,,,,,,,S,34,2,20,E,18,54,46,-34.039,18.913,53,,x,
Bronkhorstspruit,South Africa,ZAF,227,Gauteng,Bronkhorstspruit,Bronkhorstspruit,Limpopo Basin,Elefantes,1983,,   58.9,3.2,,x,x,,,,,,,,S,25,53,14,E,28,43,17,-25.887,28.721,53,,x,
Buchuberg,South Africa,ZAF,227,Northern Cape,Groblershoop,Orange,Orange Basin,Orange,1983,,   20.39,41.2,,x,,,,,,,,,S,29,2,33,E,22,12,4,-29.043,22.201,53,,x,
Buffelsjags,South Africa,ZAF,227,Western Cape,Swellendam,Buffeljagt,Indian Ocean Coast,Breede,1983,,   5.736,1.6,,x,,,,,,,,,S,34,1,8,E,20,32,0,-34.019,20.533,53,,x,
Buffelskloof,South Africa,ZAF,227,Mpumalanga,Lydenburg,Waterval,Limpopo Basin,Elefantes,1972,,   5.27,0.0,,x,,,,,,,,,S,24,57,23,E,30,15,54,-24.956,30.265,53,,x,
Buffelspoort,South Africa,ZAF,227,North-west,Rustenburg,Sterkstroom,Limpopo Basin,Krokodil,1979,,   10.33,3.3,,x,,,,,,,,,S,25,46,49,E,27,29,13,-25.780,27.487,53,,x,
Bulkrivier,South Africa,ZAF,227,Eastern Cape,Uitenhage,Bulk,Indian Ocean Coast,Sondags,1907,,   0.821,0.0,,,x,,,,,,,,S,33,48,3,E,25,10,32,-33.801,25.176,53,,x,
Bulshoek,South Africa,ZAF,227,Western Cape,Clanwilliam,Olifants,South Atlantic Coast,Olifants,1980,,   6.298,7.2,,,,,,,,,,,S,31,59,46,E,18,47,13,-31.996,18.787,53,,x,
Burtondale,South Africa,ZAF,227,Western Cape,Grabouw,Witkoppies,South Atlantic Coast,Groot Berg,1954,,   0.668,0.0,,x,,,,,,,,,S,34,9,,E,19,5,,-34.150,19.083,53,,,
C W Malan,South Africa,ZAF,227,Eastern Cape,Humansdorp,Krom,Indian Ocean Coast,Krom,1984,,   105.7,,,,,,,,,,,,S,34,7,,E,24,43,,-34.117,24.717,53,,,
Calitzdorp,South Africa,ZAF,227,Western Cape,Calitzdorp,Nels,Indian Ocean Coast,Gouritz,1981,,   4.817,17.2,,x,x,,,,,,,,S,33,29,28,E,21,42,15,-33.491,21.704,53,,x,
Calvinia,South Africa,ZAF,227,Northern Cape,Calvinia,Karee,South Atlantic Coast,Olifants,1969,,   0.9,0.0,,,,,,,,,,,S,31,25,43,E,19,47,15,-31.429,19.788,53,,x,
Catadam,South Africa,ZAF,227,Eastern Cape,Ideledrift,Cata,Indian Ocean Coast,Groot Kei,,,   12.1,0.0,,,,,,,,,,,S,32,40,,E,27,10,,-32.667,27.167,53,,,
Ceres,South Africa,ZAF,227,Western Cape,Ceres,Koekedou,South Atlantic Coast,Olifants,1981,,   0.347,4.9,,,,,,,,,,,S,33,21,52,E,19,16,23,-33.364,19.273,53,,x,
Charles Engelhard,South Africa,ZAF,227,Northern Province,Letaba,Great Letaba,Limpopo Basin,Elefantes,1971,,   3.75,0.0,,,x,,,,,,,,S,23,49,,E,31,35,,-23.817,31.583,53,,,
Chelmsford,South Africa,ZAF,227,Kwazulu-natal,Newcasle,Ngagane,Indian Ocean Coast,Tugela,1983,,   198.4,1.7,,,x,,,,,,,,S,27,55,41,E,29,56,43,-27.928,29.945,53,,x,
Churchill,South Africa,ZAF,227,Eastern Cape,Humansdorp,Krom,Indian Ocean Coast,Krom,1984,,   33.3,,,,x,,,,,,,,S,34,0,3,E,24,29,35,-34.001,24.493,53,,x,
Clanwilliam,South Africa,ZAF,227,Western Cape,Clanwilliam,Olifants,South Atlantic Coast,Olifants,1980,,   124.1,7.3,,x,,,,,,,,,S,32,11,5,E,18,52,30,-32.185,18.875,53,,x,
Clifford Chambers,South Africa,ZAF,227,Kwazulu-natal,Bergville,Tugela Vaal,Indian Ocean Coast,Tugela,1973,,,0.0,,,,,,,,,,,S,28,39,,E,29,3,,-28.650,29.050,53,,,
Combrink,South Africa,ZAF,227,Northern Province,Potgietersrus,Dorps,Limpopo Basin,Mogalakwna,1978,,   0.951,0.0,,,,,,,,,,,S,24,10,,E,29,0,,-24.167,29.000,53,,,
Coronation,South Africa,ZAF,227,Kwazulu-natal,Ngobeni,Rietspruit,Indian Ocean Coast,Mfolzi / Mkuze,,,,0.0,,,,,,,,,,,S,27,42,11,E,31,4,8,-27.703,31.069,53,,x,
Craigie Burn,South Africa,ZAF,227,Kwazulu-natal,Greytown,Mnyamvubu,Indian Ocean Coast,Tugela,1983,,   23.45,0.5,,x,,,,,,,,,S,29,9,43,E,30,17,14,-29.162,30.287,53,,x,
Craigie Var,South Africa,ZAF,227,Eastern Cape,Burgersdorp,Stormbergspoort,Orange Basin,Orange,1966,,   0.66,0.0,,x,,,,,,,,,S,31,9,27,E,26,17,5,-31.158,26.285,53,,x,
Cross,South Africa,ZAF,227,Northern Province,Messina,Nwanedzi,Limpopo Basin,Limpopo,1979,,   1.841,9.5,,x,,,,,,,,,S,22,32,,E,30,27,,-22.533,30.450,53,,x,
Cyferfontein,South Africa,ZAF,227,Free State,Senekal,Zand,Orange Basin,Vaal,1960,,   1.065,0.0,,,,,,,,,,,S,28,14,22,E,27,39,34,-28.239,27.659,53,,x,
Dagama,South Africa,ZAF,227,Mpumalanga,White River,Witwaters,Indian Ocean Coast,Incomati,1979,,   13.65,2.9,,x,,,,,,,,,S,25,8,31,E,31,1,16,-25.142,31.021,53,,x,
Damara,South Africa,ZAF,227,Northern Province,Tzaneen,Damara,Limpopo Basin,Elefantes,1964,,   0.653,0.0,,x,,,,,,,,,S,23,55,12,E,30,10,40,-23.920,30.178,53,,x,
Dangadzivha,South Africa,ZAF,227,Northern Province,Tsipise,Njelele,Limpopo Basin,Limpopo,,,   12.62,0.0,,,,,,,,,,,S,22,37,52,E,30,13,18,-22.631,30.222,53,,x,
Dankbaar,South Africa,ZAF,227,Free State,Bethlehem,Rexfordspruit,Orange Basin,Vaal,,,,0.0,,,,,,,,,,,S,28,18,,E,28,0,,-28.300,28.000,53,,,
Dap Naude,South Africa,ZAF,227,Northern Province,Pietersburg,Broederstroom,Limpopo Basin,Elefantes,1961,,   2.076,0.0,,,x,,,,,,,,S,23,49,,E,29,58,,-23.817,29.967,53,,,
De Marillac,South Africa,ZAF,227,Northern Province,Tzaneen,Taganatuku,Limpopo Basin,Elefantes,1957,,   0.953,0.0,,,,,,,,,,,S,23,47,,E,30,26,,-23.783,30.433,53,,,
De Villiers,South Africa,ZAF,227,Western Cape,CapeTown,Disa,South Atlantic Coast,Groot Berg,1910,,   0.243,0.0,,,x,,,,,,,,S,33,59,,E,18,24,,-33.983,18.400,53,,,
Dewhurst,South Africa,ZAF,227,Western Cape,Grabouw,Huis,South Atlantic Coast,Groot Berg,,,,0.0,,x,,,,,,,,,S,34,11,,E,19,2,,-34.183,19.033,53,,,
Donkerpoort (Limpopo),South Africa,ZAF,227,Northern Province,Nylstroom,Klein Nyl,Limpopo Basin,Elefantes,1945,,   3.42,0.0,,,x,,,,,,,,S,24,40,16,E,28,19,18,-24.671,28.322,53,,x,
Donkerpoort (Orange),South Africa,ZAF,227,Free State,Oranjekrag,Donkerpoort-spruit,Orange Basin,Orange,1970,,   1.958,0.0,,,,,,,,,,,S,30,32,14,E,25,27,56,-30.537,25.466,53,,x,
Donkerval,South Africa,ZAF,227,Northern Province,Tzaneen,Koedoes,Limpopo Basin,Elefantes,1969,16,   1.7,0.0,,,,,,,,,,,S,23,36,48,E,30,5,52,-23.613,30.098,53,,x,
Doorndraai,South Africa,ZAF,227,Northern Province,Potgietersrus,Sterk,Limpopo Basin,Elefantes,1979,,   47.25,3.2,,,,,,,,,,,S,24,16,48,E,28,46,37,-24.280,28.777,53,,x,
Doornfontein,South Africa,ZAF,227,Northern Cape,Beaufort West,Leeu,Indian Ocean Coast,Gouritz,1956,,   4.438,0.0,,,,,,,,,,,S,32,6,,E,22,5,,-32.100,22.083,53,,,
Doornpoort,South Africa,ZAF,227,Mpumalanga,Witbank,Olifants,Limpopo Basin,Elefantes,1951,,   5.697,0.0,,,x,,,,,,,,S,25,51,49,E,29,17,44,-25.864,29.296,53,,x,
Doringrivier,South Africa,ZAF,227,Eastern Cape,Indwe,Doring,Indian Ocean Coast,Groot Kei,1984,,   19.85,16.5,,,,,,,,,,,S,31,30,46,E,27,19,43,-31.513,27.329,53,,x,
Dorprivier,South Africa,ZAF,227,Northern Province,Potgierersrus,Dorp,Limpopo Basin,Mogalakwna,1964,,   0.914,0.0,,,,,,,,,,,S,24,10,,E,29,2,,-24.167,29.033,53,,,
Douglas,South Africa,ZAF,227,Mpumalanga,Ermelo,Klein Kaffer,Orange Basin,Vaal,1930,,   1.77,0.0,,,,,,,,,,,S,26,28,,E,28,56,,-26.467,28.933,53,,,
Douglas(1),South Africa,ZAF,227,Northern Cape,Douglas,Vaal,Orange Basin,Orange,1977,,   16.7,0.0,,,,,,,,,,,S,26,33,58,E,29,0,30,-26.566,29.008,53,,x,
Driefontein,South Africa,ZAF,227,Eastern Cape,Venterstad,Broekspruit,Orange Basin,Orange,1970,,   0.82,0.0,,x,,,,,,,,,S,30,43,24,E,25,57,18,-30.723,25.955,53,,x,
Driekloof,South Africa,ZAF,227,Gauteng,Harrismith,Nuwejaars-spruit,Limpopo Basin,Krokodil,1983,,   36.55,0.0,,,,,x,,,,,,S,26,0,1,E,28,0,19,-26.000,28.005,53,,x,
Driekop,South Africa,ZAF,227,Free State,Oranjekrag,Orange,Orange Basin,Orange,1986,,   0.389,0.0,,,,,,,,,,,S,30,29,,E,25,26,,-30.483,25.433,53,,,
Driel,South Africa,ZAF,227,Kwazulu-natal,Bergville,Tugela,Indian Ocean Coast,Tugela,1986,,   10.39,32.3,,,,,,,,,,,S,28,45,48,E,29,17,27,-28.763,29.291,53,,x,
Drosternes,South Africa,ZAF,227,Northern Cape,Somerset West,Palmiet,Orange Basin,Orange,1976,,   0.2,0.0,,,,,,,,,,,S,30,4,,E,19,3,,-30.067,19.050,53,,,
Druiwelskloof,South Africa,ZAF,227,Northern Province,Duiwelskloof,Politsi,Limpopo Basin,Elefantes,1947,,   0.097,0.0,,,,,,,,,,,S,23,41,,E,30,8,,-23.683,30.133,53,,,
Duiwenhoks,South Africa,ZAF,227,Western Cape,Heidelberg,Duiwenhoks,Indian Ocean Coast,Breede,1979,,   6.406,0.9,,x,,,,,,,,,S,33,59,48,E,20,56,56,-33.997,20.949,53,,x,
Dwariega,South Africa,ZAF,227,Western Cape,Montagu,Dwariega,Indian Ocean Coast,Breede,,,,0.0,,,,,,,,,,,S,33,52,19,E,20,17,13,-33.872,20.287,53,,x,
Ebenezer,South Africa,ZAF,227,Northern Province,Tzaneen,Groot Letaba,Limpopo Basin,Elefantes,1958,,   70.0,0.0,,x,x,,,,,,,,S,23,56,30,E,29,59,3,-23.942,29.984,53,,x,
Eerste Poort,South Africa,ZAF,227,North-west,Derdepoort,Marico,Limpopo Basin,Krokodil,1986,,   230.0,0.0,,,,,,,,,,,S,24,52,12,E,26,27,11,-24.870,26.453,53,,x,
Egmont,South Africa,ZAF,227,Free State,Vanstadensrus,Witspruit,Orange Basin,Orange,1955,,   9.78,8.2,,x,,,,,,,,,S,30,30,,E,27,1,,-30.500,27.017,53,,,
Eikenhof,South Africa,ZAF,227,Western Cape,Grabouw,Palmiet,South Atlantic Coast,Groot Berg,1977,,   22.1,0.0,,,,,,,,,,,S,34,7,17,E,19,2,22,-34.121,19.039,53,,x,
Ekamanzi,South Africa,ZAF,227,Kwazulu-natal,New Hanover,Ekamanzi,Indian Ocean Coast,Mgeni,1965,,   0.05,0.0,,,,,,,,,,,S,29,16,,E,30,38,,-29.267,30.633,53,,,
Elands Drift,South Africa,ZAF,227,Eastern Cape,Cradock,Great Fish,Indian Ocean Coast,Groot Vis,1981,,   9.72,20.2,,,,,,,,,,,S,32,31,50,E,25,45,22,-32.531,25.756,53,,x,
Elands Kloof,South Africa,ZAF,227,Western Cape,Villiersdrop,Elands,South Atlantic Coast,Groot Berg,1974,,   11.3,0.0,,x,,,,,,,,,S,33,57,7,E,19,17,5,-33.952,19.285,53,,x,
Elandsjagt (C W Malan),South Africa,ZAF,227,Eastern Cape,Humansdrop,Krom,Indian Ocean Coast,Krom,1983,,   105.7,0.0,,,x,,,,,,,,S,34,5,41,E,21,41,25,-34.095,21.690,53,,x,
Elandskuil,South Africa,ZAF,227,North-west,Ventersdrop,Schoonspruit,Orange Basin,Vaal,1969,,   1.827,0.0,,x,,,,,,,,,S,26,20,53,E,26,46,44,-26.348,26.779,53,,x,
England,South Africa,ZAF,227,Free State,Hobhouse,Mokopospruit,Orange Basin,Caledon,1955,,   0.449,0.0,,x,,,,,,,,,S,29,27,27,E,27,1,54,-29.458,27.032,53,,x,
Erfenis,South Africa,ZAF,227,Free State,Theunissen,Groot Vet,Orange Basin,Vaal,1959,,   224.1,0.0,,,x,,,,,,,,S,28,30,28,E,26,46,43,-28.508,26.779,53,,x,
Ernest Robertson,South Africa,ZAF,227,Western Cape,George,Great Brak,Indian Ocean Coast,Krom,1955,,   0.422,0.0,,x,,,,,,,,,S,33,54,8,E,22,10,27,-33.902,22.174,53,,x,
Eselfontein,South Africa,ZAF,227,Western Cape,Ceres,Titus,South Atlantic Coast,Olifants,1971,,   0.59,0.0,,,,,,,,,,,S,33,25,15,E,19,25,50,-33.421,19.431,53,,x,
Eselhoek,South Africa,ZAF,227,Free State,Trompsburg,Branspruit,Orange Basin,Riet,1949,,   1.227,0.0,,,,,,,,,,,S,30,6,1,E,25,55,42,-30.100,25.928,53,,x,
Eshowe,South Africa,ZAF,227,Kwazulu-natal,Eshowe,Nlalazi,Indian Ocean Coast,Mfolzi / Mkuze,,,   0.91,0.0,,x,,,,,,,,,S,28,50,,E,31,30,,-28.833,31.500,53,,,
Fanie Botha,South Africa,ZAF,227,Northern Province,Tzaneen,Great Letaba,Limpopo Basin,Elefantes,1976,,   160.2,0.0,,,,,,,,,,,S,23,47,59,E,30,9,59,-23.800,30.166,53,,x,
Feloana,South Africa,ZAF,227,Free State,Thana 'Nchu,Korannaspruit,Orange Basin,Riet,1955,,   0.637,0.0,,x,,,,,,,,,S,29,6,59,E,26,45,14,-29.116,26.754,53,,x,
Fine,South Africa,ZAF,227,Western Cape,Bortivier,Jan Niemands,South Atlantic Coast,Groot Berg,1969,,   0.131,0.0,,x,,,,,,,,,S,34,14,,E,19,7,,-34.233,19.117,53,,,
Floriskaal,South Africa,ZAF,227,Western Cape,Laingsburg,Buffels,Indian Ocean Coast,Gouritz,1981,,   51.95,23.0,,,,,,,,,,,S,33,17,30,E,20,59,28,-33.292,20.991,53,,x,
Fonkfontein,South Africa,ZAF,227,Northern Cape,Fraserburg,Sak,Orange Basin,Sak,,,   6.569,0.0,,,,,,,,,,,S,31,55,2,E,22,5,14,-31.917,22.087,53,,x,
Fouriespruit,South Africa,ZAF,227,Free State,Edenburg,Fouriespruit,Orange Basin,Riet,1961,,   1.901,0.0,,,,,,,,,,,S,29,25,20,E,26,8,11,-29.422,26.136,53,,x,
Frankfort,South Africa,ZAF,227,Free State,Tweespruit,Leeu,Orange Basin,Caledon,1935,,   0.783,0.0,,,,,,,,,,,S,29,17,29,E,27,9,45,-29.291,27.163,53,,x,
Friedenheim,South Africa,ZAF,227,Mpumalanga,Nelspruit,Crocodile,Indian Ocean Coast,Incomati,1960,,   1.566,0.0,,,,,,,,,,,S,25,25,58,E,31,0,20,-25.433,31.006,53,,x,
Gamka,South Africa,ZAF,227,Western Cape,Beaufort West,Gamka,Indian Ocean Coast,Gouritz,1980,,   2.165,7.9,,,,,,,,,,,S,32,14,20,E,22,35,11,-32.239,22.586,53,,x,
Gamkapoort,South Africa,ZAF,227,Western Cape,Prince Albert,Gamka,Indian Ocean Coast,Gouritz,1981,,   43.84,19.7,,,,x,,,,,,,S,33,18,33,E,21,38,2,-33.309,21.634,53,,x,
Gants,South Africa,ZAF,227,Western Cape,Touwsriver,Kraga,Indian Ocean Coast,Gouritz,1950,,   1.46,0.0,,x,,,,,,,,,S,33,23,41,E,20,23,40,-33.395,20.394,53,,x,
Gelen Una,South Africa,ZAF,227,North-west,Vryburg,Losasa,Orange Basin,Vaal,1983,,   0.807,0.0,,,,,,,,,,,S,26,59,38,E,24,58,23,-26.994,24.973,53,,x,
Gerrands,South Africa,ZAF,227,Free State,Bethlehem,Gerrandspruit,Orange Basin,Vaal,1905,,   1.4,0.0,,,,,,,,,,,S,28,17,1,E,28,17,30,-28.284,28.292,53,,x,
Gibson,South Africa,ZAF,227,Free State,Harrismith,Wilge,Orange Basin,Vaal,1880,,   0.543,0.0,,,,,,,,,,,S,28,16,,E,29,12,,-28.267,29.200,53,,,
Gilbert Eyles,South Africa,ZAF,227,Kwazulu-natal,Port Shepstone,Mzimkulwana,Indian Ocean Coast,Mgeni,1966,,   0.955,33.5,,,,,,,,,,,S,30,43,9,E,30,9,3,-30.719,30.151,"53, 54",,x,
Glen Alpine,South Africa,ZAF,227,Northern Province,Tolwe,Mogalakwena,Limpopo Basin,Mogalakwna,1979,,   21.93,7.9,,x,,,,,,,,,S,23,11,31,E,28,41,52,-23.192,28.698,53,,x,
Glen Cliffe,South Africa,ZAF,227,Eastern Cape,Aberdeen,Kariega,Indian Ocean Coast,Gamtoos,1960,,   0.53,0.0,,x,,,,,,,,,S,32,14,37,E,23,45,36,-32.244,23.760,53,,x,
Glen Fruin,South Africa,ZAF,227,Western Cape,Grabouw,Krom,South Atlantic Coast,Groot Berg,1957,,   0.423,0.0,,x,,,,,,,,,S,34,11,,E,19,3,,-34.183,19.050,53,,,
Goedertrouw,South Africa,ZAF,227,Kwazulu-natal,Eshowe,Mhlatuze,Indian Ocean Coast,Mfolzi / Mkuze,1984,,   315.4,0.8,,x,x,,,,,,,,S,28,46,22,E,31,28,11,-28.773,31.470,53,,x,
Gompies (L),South Africa,ZAF,227,Northern Province,Zebediela,Gompies,Limpopo Basin,Elefantes,1922,,   9.529,0.0,,x,,,,,,,,,S,24,18,14,E,29,19,7,-24.304,29.319,53,,x,
Gompies (U),South Africa,ZAF,227,Northern Province,Zebediela,Gompies,Limpopo Basin,Elefantes,1935,,   2.274,0.0,,,,,,,,,,,S,24,17,14,E,29,18,46,-24.287,29.313,53,,x,
Grassridge,South Africa,ZAF,227,Eastern Cape,Hofmeyer,Great Brak,Indian Ocean Coast,Groot Vis,1984,,   49.58,45.4,,x,,,,,,,,,S,31,46,8,E,25,28,4,-31.769,25.468,53,,x,
Graymead,South Africa,ZAF,227,Western Cape,Somerset West,Vygebooms,South Atlantic Coast,Groot Berg,1963,,   1.874,0.0,,,,,,,,,,,S,34,1,,E,19,8,,-34.017,19.133,53,,,
Grobler,South Africa,ZAF,227,Free State,Kroonstad,Vals,Orange Basin,Vaal,1924,,   0.705,0.0,,,x,,,,,,,,S,27,38,52,E,27,16,35,-27.648,27.276,53,,x,
Groendal,South Africa,ZAF,227,Eastern Cape,Uitenhage,Zwartskop,Indian Ocean Coast,Sondags,1932,,   11.8,0.0,,,x,,,,,,,,S,33,41,26,E,25,15,56,-33.691,25.266,53,,x,
Grootdraai,South Africa,ZAF,227,Free State,Standerton,Vaal,Orange Basin,Riet,1978,,   362.5,0.0,,,x,,,,,,,,S,29,18,,E,26,55,,-29.300,26.917,53,,,
Grootgewaagd,South Africa,ZAF,227,Kwazulu-natal,Vryheid,Magot,Indian Ocean Coast,Mfolzi / Mkuze,1948,,   1.136,0.0,,,,,,,,,,,S,27,43,3,E,30,48,12,-27.718,30.803,53,,x,
Groothoek,South Africa,ZAF,227,Free State,Dewetsdrop,Kgabanyare,Orange Basin,Riet,,,   11.82,0.0,,,,,,,,,,,S,29,17,53,E,26,51,55,-29.298,26.865,53,,x,
Grootvlei,South Africa,ZAF,227,Western Cape,Grabouw,Klein Dwars,South Atlantic Coast,Groot Berg,1969,,   1.7,0.0,,x,,,,,,,,,S,34,11,33,E,18,57,19,-34.193,18.955,53,,x,
Gubu,South Africa,ZAF,227,Eastern Cape,Stutterheim,Gubu,Indian Ocean Coast,Groot Kei,1981,,   9.254,0.6,,x,x,,,,,,,,S,32,36,40,E,27,16,48,-32.611,27.280,53,,x,
Haaskloof,South Africa,ZAF,227,Northern Province,Naboomspruit,Haaskloofspruit,Limpopo Basin,Elefantes,1984,,   2.016,0.0,,,,,,,,,,,S,24,23,45,E,28,32,35,-24.396,28.543,53,,x,
Hans Mensky,South Africa,ZAF,227,Northern Province,Tzaneen,Ramadiepa,Limpopo Basin,Elefantes,1935,,   1.31,0.0,,,,,,,,,,,S,23,44,56,E,30,6,32,-23.749,30.109,53,,x,
Hans Strijdom,South Africa,ZAF,227,Northern Province,Ellisras,Mogol,Limpopo Basin,Limpopo,1975,,   148.7,0.0,,x,x,,,,,,,,S,23,59,4,E,27,43,15,-23.984,27.721,53,,x,
Hartebeesfontein,South Africa,ZAF,227,Free State,Philippolis,Orange,Orange Basin,Orange,1955,,   0.389,0.0,,,,,,,,,,,S,30,26,10,E,25,19,56,-30.436,25.332,53,,x,
Hartebeeskuil,South Africa,ZAF,227,Western Cape,Mosselbaai,Hartenbos,Indian Ocean Coast,Krom,1981,,   6.989,0.2,,,,,,,,,,,S,34,5,47,E,22,0,26,-34.096,22.007,53,,x,
Hartebeespoort,South Africa,ZAF,227,North-west,Brits,Crocodile,Limpopo Basin,Krokodil,1979,,   194.6,15.6,,x,,,,,,,,,S,25,43,32,E,27,50,52,-25.726,27.848,53,,x,
Hattingspruit,South Africa,ZAF,227,Kwazulu-natal,Dundee,Hattingspruit,Indian Ocean Coast,Tugela,1955,,   1.885,0.0,,,,,,,,,,,S,28,5,,E,30,9,,-28.083,30.150,53,,,
Haystack,South Africa,ZAF,227,Western Cape,Grabouw,Palmiet,South Atlantic Coast,Groot Berg,1961,,   0.535,0.0,,,,,,,,,,,S,34,12,,E,19,0,,-34.200,19.000,53,,,
Hazelmere,South Africa,ZAF,227,Kwazulu-natal,Verulam,Mdloti,Indian Ocean Coast,Mgeni,1979,,   22.91,4.3,,x,,,,,,,,,S,29,35,54,E,31,2,34,-29.598,31.043,53,,x,
Heley Hutchison,South Africa,ZAF,227,Western Cape,Cape Town,Disa,South Atlantic Coast,Groot Berg,1904,,   0.914,0.0,,,x,,,,,,,,S,33,58,,E,18,24,,-33.967,18.400,53,,,
Hendrik Verwoerd (Gariep),South Africa,ZAF,227,Free State,Oranjekrag,Orange,Orange Basin,Orange,1979,,  5 674.0,4.6,,x,x,,x,,,,,,S,30,37,24,E,25,30,24,-30.623,25.507,53,,x,
Henley,South Africa,ZAF,227,Kwazulu-natal,Pietermaritzburg,Umzinduzi,Indian Ocean Coast,Mgeni,1983,,   5.512,0.0,,,x,,,,,,,,S,29,37,25,E,30,14,50,-29.624,30.247,53,,x,
Heuningkrans,South Africa,ZAF,227,Eastern Cape,Steynsburg,Great Brak,Indian Ocean Coast,Groot Vis,1956,,   0.22,0.0,,x,,,,,,,,,S,31,14,,E,25,26,,-31.233,25.433,53,,,
Heuningsplaas,South Africa,ZAF,227,,,Middel letaba,,,,14,   0.44,,200,,,,,,,,,,S,23,29,46,E,30,11,13,-23.496,30.187,,3,,
Heyshope,South Africa,ZAF,227,Mpumalanga,Vakkerstroom,Assegaai,Orange Basin,Vaal,1985,,   500.0,0.0,,,,,,,,,,,S,27,0,,E,30,10,,-27.000,30.167,53,,,
Hill Crest,South Africa,ZAF,227,Western Cape,Three Sisters,Krom,Indian Ocean Coast,Gamtoos,1691,,   0.09,0.0,,x,,,,,,,,,S,31,54,,E,22,39,,-31.900,22.650,53,,,
Hlobane,South Africa,ZAF,227,Kwazulu-natal,Hlobane,Rietspruit,Indian Ocean Coast,Mfolzi / Mkuze,,,,0.0,,,,,,,,,,,S,27,43,17,E,31,2,19,-27.721,31.039,53,,x,
Hluhluwe,South Africa,ZAF,227,Kwazulu-natal,Hluhluwe,Hluhluwe,Indian Ocean Coast,Mfolzi / Mkuze,1984,,   28.77,8.0,,x,,,,,,,,,S,28,7,17,E,32,10,45,-28.121,32.179,53,,x,
Howisonaspoort,South Africa,ZAF,227,Eastern Cape,Grahamstown,Palmiet,Indian Ocean Coast,Sondags,1931,,   0.883,0.0,,,x,,,,,,,,S,33,23,15,E,26,29,15,-33.388,26.488,53,,x,
Idas Valley (1),South Africa,ZAF,227,Western Cape,Stellenbosh,Krom,South Atlantic Coast,Groot Berg,1967,,   0.543,0.0,,,,,,,,,,,S,33,55,9,E,18,54,7,-33.919,18.902,53,,x,
Idas Valley (2),South Africa,ZAF,227,Western Cape,Stellenbosh,Krom,South Atlantic Coast,Groot Berg,,,   1.828,0.0,,,x,,,,,,,,S,33,59,,E,18,58,,-33.983,18.967,53,,,
Incandu,South Africa,ZAF,227,Kwazulu-natal,Newcastel,Incandu,Indian Ocean Coast,Tugela,1947,,   0.345,0.0,,,,,,,,,,,S,27,47,32,E,29,52,25,-27.792,29.874,53,,x,
Injaka,South Africa,ZAF,227,,Nelspruit,Marite,,,2002,53,   123.0,,7900,,,,,,,,,,S,24,53,22,E,31,5,22,-24.890,31.090,,3,,
Inverdoorn,South Africa,ZAF,227,Western Cape,Inverdoorn,Doorn,South Atlantic Coast,Olifants,,,   41.03,0.0,,,,,,,,,,,S,33,6,42,E,19,47,2,-33.112,19.784,53,,x,
J.L. de Bruin,South Africa,ZAF,227,Eastern Cape,Burgersdorp,Klein Buffel,Orange Basin,Orange,1982,,   2.15,12.8,,,x,,,,,,,,S,31,0,28,E,26,22,22,-31.008,26.373,53,,x,
Jachtpad,South Africa,ZAF,227,,,Koedoes,,,,13,   1.88,,200,,,,,,,,,,S,23,28,5,E,30,13,28,-23.468,30.225,,3,,
Jagersrust,South Africa,ZAF,227,Kwazulu-natal,Bergville,Tugela,Indian Ocean Coast,Tugela,1985,,   0.476,0.0,,,,,,,,,,,S,28,35,59,E,29,6,54,-28.600,29.115,53,,x,
Jameson,South Africa,ZAF,227,Eastern Cape,Grahamstown,Nuwejaars,Indian Ocean Coast,Sondags,1900,,   0.575,0.0,,,x,,,,,,,,S,33,19,,E,26,26,,-33.317,26.433,,,,
Jan Wassenaar,South Africa,ZAF,227,Northern Province,Klaserie,Klaserie,Limpopo Basin,Elefantes,1979,,   5.779,7.5,,x,,,,,,,,,S,24,31,42,E,31,3,30,-24.528,31.058,53,,x,
Jasi,South Africa,ZAF,227,Northern Province,Tzaneen,Great Letaba,Limpopo Basin,Elefantes,1972,,   1.096,0.0,,,,,,,,,,,S,23,44,,E,30,32,,-23.733,30.533,53,,,
Jericho,South Africa,ZAF,227,Mpumalanga,Amsterdam,Mpama,Indian Ocean Coast,Maputo,1983,,   59.83,1.8,,,x,,,,,,,,S,26,39,20,E,30,29,2,-26.656,30.484,53,,x,
Joan Neser,South Africa,ZAF,227,North-west,Klerksdrop,Schoonspruit,Orange Basin,Vaal,1977,,   5.672,2.8,,,,,,,,,,,S,26,49,1,E,26,36,50,-26.817,26.614,53,,x,
Junction,South Africa,ZAF,227,Northern Province,Tzaneen,Great Letaba,Limpopo Basin,Elefantes,1969,,   0.804,0.0,,,,,,,,,,,S,23,52,,E,30,23,,-23.867,30.383,53,,,
Kakamas,South Africa,ZAF,227,Northern Cape,Upington,Orange,Orange Basin,Orange,1956,,   0.757,0.0,,,,,,,,,,,S,28,46,16,E,20,44,29,-28.771,20.741,53,,x,
Kalkfontein,South Africa,ZAF,227,Free State,Korrierfontein,Riet,Orange Basin,Riet,1979,,   323.4,9.4,,x,,,,,,,,,S,29,29,44,E,25,13,19,-29.496,25.222,53,,x,
Kammanassie,South Africa,ZAF,227,Western Cape,Oudtshoorn,Kammanassie,Indian Ocean Coast,Gouritz,1981,,   35.85,9.2,,x,,,,,,,,,S,33,38,35,E,22,24,34,-33.643,22.409,53,,x,
Kanowna,South Africa,ZAF,227,Free State,Pillipolis,Knapsack,Orange Basin,Orange,1955,,   0.473,0.0,,,,,,,,,,,S,30,10,57,E,25,12,34,-30.183,25.209,53,,x,
Katrivier,South Africa,ZAF,227,Eastern Cape,Seymour,Kat,Indian Ocean Coast,Groot Vis,1981,,   24.95,6.0,,x,x,,,,,,,,S,32,34,16,E,26,45,27,-32.571,26.758,53,,x,
Keerom,South Africa,ZAF,227,Western Cape,Worcester,Nuy,South Atlantic Coast,Groot Berg,1981,,   7.398,11.3,,x,,,,,,,,,S,33,34,46,E,19,42,11,-33.579,19.703,53,,x,
Kelley Patterson,South Africa,ZAF,227,Eastern Cape,Middelburg,Oompies,Indian Ocean Coast,Groot Vis,1948,,   2.611,0.0,,,,,,,,,,,S,31,38,,E,25,2,,-31.633,25.033,53,,,
Khombe,South Africa,ZAF,227,Kwazulu-natal,Bergville,Khombe,Indian Ocean Coast,Tugela,1973,,,0.0,,,,,,,,,,,S,28,42,,E,29,5,,-28.700,29.083,53,,,
Kiesendoorns,South Africa,ZAF,227,Eastern Cape,Molteno,Black Kei,Indian Ocean Coast,Groot Kei,1949,,   0.296,0.0,,,,,,,,,,,S,31,41,8,E,26,21,6,-31.686,26.352,53,,x,
Kilburn,South Africa,ZAF,227,Kwazulu-natal,Bergville,Mnjaneni,Indian Ocean Coast,Tugela,1985,,   35.67,0.8,,,,,x,,,,,,S,28,35,32,E,29,6,8,-28.592,29.102,53,,x,
Klavervalley,South Africa,ZAF,227,Northern Province,Roedtan,Klavervalley,Limpopo Basin,Elefantes,1965,,   0.037,0.0,,,,,,,,,,,S,24,37,,E,29,2,,-24.617,29.033,53,,,
Klein Arcadia,South Africa,ZAF,227,Free State,Marquard,Sandspruit,Orange Basin,Vaal,1971,,   0.15,0.0,,x,,,,,,,,,S,28,48,,E,27,21,,-28.800,27.350,53,,,
Klein Maricopoort,South Africa,ZAF,227,North-west,Zeerust,Klein Marico,Limpopo Basin,Krokodil,1983,,   7.073,11.4,,x,,,,,,,,,S,25,31,19,E,26,9,0,-25.522,26.150,53,,x,
Kleinfontein,South Africa,ZAF,227,Mpumalanga,Hendrina,Olifants,Limpopo Basin,Elefantes,,,,0.0,,,,,,,,,,,S,26,11,,E,29,25,,-26.183,29.417,53,,,
Kleinplaas(1),South Africa,ZAF,227,Western Cape,Stellenbosh,Jonkershoek,South Atlantic Coast,Groot Berg,1982,26,   0.377,0.0,,x,x,,,,,,,,S,34,10,19,E,18,23,19,-34.172,18.389,53,,x,
Kleinplaas(2),South Africa,ZAF,227,Western Cape,Simonstown,Woel,South Atlantic Coast,Groot Berg,1964,13,   1.321,0.0,,,x,,,,,,,,S,34,10,0,E,18,22,59,-34.167,18.383,54,,,
Klerkskraal,South Africa,ZAF,227,North-west,Carletonville,Mooi,Orange Basin,Vaal,1982,,   8.249,4.9,,x,,,,,,,,,S,26,51,9,E,27,9,35,-26.853,27.160,53,,x,
Klipberg,South Africa,ZAF,227,Western Cape,McGregor,Konings,Indian Ocean Coast,Breede,1983,,   1.996,0.1,,x,,,,,,,,,S,33,56,32,E,19,47,38,-33.942,19.794,53,,x,
Klipdrif,South Africa,ZAF,227,North-west,Potchefstroom,Loopspruit,Orange Basin,Vaal,1977,,   14.2,9.2,,,,,,,,,,,S,26,37,0,E,27,18,0,-26.617,27.300,53,,x,
Klipfontein(1),South Africa,ZAF,227,Eastern Cape,Queenstown,Vlekpoort,Indian Ocean Coast,Groot Vis,1975,,   0.39,0.0,,x,,,,,,,,,S,31,56,,E,25,58,,-31.933,25.967,,,,
Klipfontein(2),South Africa,ZAF,227,Kwazulu-natal,Vryheid,White Mfolozi,Indian Ocean Coast,Mfolzi / Mkuze,1984,,   18.97,0.1,,,x,,,,,,,,S,27,50,16,E,30,48,53,-27.838,30.815,53,,x,
Klipkopjes,South Africa,ZAF,227,Mpumalanga,White River,Wit,Indian Ocean Coast,Incomati,1979,,   11.87,3.5,,x,,,,,,,,,S,25,13,14,E,31,0,30,-25.221,31.008,53,,x,
Klipkraal,South Africa,ZAF,227,Eastern Cape,Lady grey,Kraal,Orange Basin,Orange,1955,,   0.723,0.0,,,,,,,,,,,S,30,42,,E,27,4,,-30.700,27.067,53,,,
Klipplaat,South Africa,ZAF,227,Eastern Cape,Klipplaat,Heuningklip,Indian Ocean Coast,Gamtoos,1975,,   1.814,0.0,,,x,,,,,,,,S,33,0,53,E,24,17,18,-33.015,24.288,53,,x,
Klipplaatdrift,South Africa,ZAF,227,North-west,Bothaville,Vaal,Orange Basin,Vaal,1981,,   6.187,0.0,,,,,,,,,,,S,27,23,7,E,26,26,58,-27.385,26.449,"53, 54",,,
Klipvoor,South Africa,ZAF,227,North-west,Warmbad,Pienaars,Limpopo Basin,Krokodil,1970,,   47.0,0.0,,,,,,,,,,,S,25,7,55,E,27,48,31,-25.132,27.809,53,,x,
Knellpoort,South Africa,ZAF,227,,,Rietspruit,,,,50,   136.9,,6200,,x,,,,,,,,S,29,46,46,E,26,53,17,-29.780,26.888,,3,,
Knoffelsvlei,South Africa,ZAF,227,Eastern Cape,Middelburg,Rooispruit,Indian Ocean Coast,Groot Vis,1961,,   0.85,0.0,,x,,,,,,,,,S,31,20,,E,25,13,,-31.333,25.217,53,,,
Knoflokskraal,South Africa,ZAF,227,Western Cape,Grabouw,Krom,South Atlantic Coast,Groot Berg,1963,,   0.793,0.0,,x,,,,,,,,,S,34,12,,E,19,7,,-34.200,19.117,53,,,
Koedoebergs Weir,South Africa,ZAF,227,Northern Cape,Kimberley,Riet,Orange Basin,Riet,1965,,   0.835,0.0,,,,,,,,,,,S,28,58,,E,24,25,,-28.967,24.417,53,,,
Kogelberg,South Africa,ZAF,227,Western Cape,Grabouw,Palmiet,South Atlantic Coast,Groot Berg,1984,,   19.3,0.0,,,x,,x,,,,,,S,34,13,,E,18,58,,-34.217,18.967,53,,,
Kokstad,South Africa,ZAF,227,,Kokstad,Crystal Springs,,,1967,,   1.306,,,x,,,,,,,,,,,,,,,,,,,53,,,
Kommandodrift,South Africa,ZAF,227,Eastern Cape,Cradock,Traka,Indian Ocean Coast,Groot Vis,1980,,   58.91,20.1,,,,,,,,,,,S,32,6,32,E,26,2,32,-32.109,26.042,53,,x,
Koos Raubenheimer,South Africa,ZAF,227,Western Cape,Oudtshoorn,Klein Le Roux,Indian Ocean Coast,Gouritz,1984,,   9.203,0.1,,x,x,,,,,,,,S,33,24,36,E,22,16,53,-33.410,22.281,53,,x,
Kopfontein,South Africa,ZAF,227,Eastern Cape,Burgersdrop,Buitendagspruit,Orange Basin,Orange,1941,,   1.36,0.0,,,x,,,,,,,,S,30,58,44,E,26,15,3,-30.979,26.251,53,,x,
Koppies,South Africa,ZAF,227,Free State,Koppies,Renoster,Orange Basin,Vaal,1978,,   42.3,22.7,,x,,,,,,,,,S,27,15,25,E,27,40,20,-27.257,27.672,53,,x,
Koppieskraal,South Africa,ZAF,227,Free State,Smithfield,Winkelspruit,Orange Basin,Caledon,1955,,   0.59,0.0,,,,,,,,,,,S,30,1,16,E,26,31,20,-30.021,26.522,53,,x,
Korentepoort,South Africa,ZAF,227,Western Cape,Riversdale,Korente,Indian Ocean Coast,Breede,1983,,   8.296,0.3,,,,,,,,,,,S,34,0,18,E,21,9,57,-34.005,21.166,53,,x,
Kosterrivier,South Africa,ZAF,227,North-west,Koster,Koster,Limpopo Basin,Krokodil,1979,,   12.18,1.7,,x,,,,,,,,,S,25,42,1,E,26,54,16,-25.700,26.904,53,,x,
Kransfontein,South Africa,ZAF,227,Free State,Bethlehem,Tierkloof,Orange Basin,Vaal,1929,,   0.365,0.0,,,,,,,,,,,S,28,8,,E,28,34,,-28.133,28.567,53,,,
Kriegerspoort,South Africa,ZAF,227,Northern Cape,Hanover,Elandsklof,Orange Basin,Orange,1984,,   5.355,11.6,,,,,,,,,,,S,31,17,0,E,24,33,0,-31.283,24.550,53,,x,
Kromellenboog,South Africa,ZAF,227,North-west,Zeerust,Klein-Marico,Limpopo Basin,Krokodil,1983,,   9.371,19.8,,x,,,,,,,,,S,25,26,36,E,26,20,45,-25.443,26.346,53,,x,
Kromrivier,South Africa,ZAF,227,Western Cape,Humansdrop,Krom,South Atlantic Coast,Groot Berg,1943,,   33.3,0.0,,x,,,,,,,,,S,34,12,,E,19,3,,-34.200,19.050,53,,,
Krugersdrift,South Africa,ZAF,227,Free State,Bloemfontein,Modder,Orange Basin,Riet,1981,,   75.53,11.0,,x,,,,,,,,,S,28,53,7,E,25,57,37,-28.885,25.960,53,,x,
Kwaggaskloof,South Africa,ZAF,227,Western Cape,Worcester,Wabooms,South Atlantic Coast,Groot Berg,1983,,   170.9,0.0,,,,,,,,,,,S,33,45,52,E,19,28,19,-33.764,19.472,53,,x,
L C Gay,South Africa,ZAF,227,Western Cape,Simonstown,Woel,South Atlantic Coast,Groot Berg,,,,0.0,,,,,,,,,,,S,34,12,,E,18,26,,-34.200,18.433,53,,,
La Riche,South Africa,ZAF,227,Western Cape,Carnarvon,Rietfontein,Orange Basin,Sak,1955,,   10.44,0.0,,,,,,,,,,,S,31,56,42,E,22,8,40,-31.945,22.144,53,,x,
Lady Grey,South Africa,ZAF,227,Eastern Cape,Lady Grey,Wilgespruit,Orange Basin,Orange,1924,,   0.146,0.0,,,x,,,,,,,,S,30,43,10,E,27,14,7,-30.719,27.235,53,,x,
Laing,South Africa,ZAF,227,Eastern Cape,East London,Buffalo,Indian Ocean Coast,Groot Kei,1981,,   21.04,7.5,,,,,,,,,,,S,32,58,8,E,27,29,35,-32.969,27.493,53,,x,
Lake Arthur,South Africa,ZAF,227,Eastern Cape,Cradock,Tarka,Indian Ocean Coast,Groot Vis,1984,,   60.1,0.0,,x,,,,,,,,,S,32,13,37,E,25,49,1,-32.227,25.817,53,,x,
Lake Mentz,South Africa,ZAF,227,Eastern Cape,Kirkwood,Sundays,Indian Ocean Coast,Sondags,1978,,   191.8,41.5,,x,,,,,,,,,S,33,12,26,E,25,9,0,-33.207,25.150,53,,x,
Lakenvalley,South Africa,ZAF,227,Western Cape,Ceres,Sanddrifskloof,South Atlantic Coast,Groot Berg,1974,,   10.3,,,x,,,,,,,,,S,33,21,22,E,19,34,26,-33.356,19.574,53,,x,
Lakeside,South Africa,ZAF,227,North-west,Potchefstroom,Mooi (Potch),Orange Basin,Vaal,1978,,   2.027,16.9,,,,,,,,,,,S,26,40,27,E,27,5,45,-26.674,27.096,53,,x,
Langkloof,South Africa,ZAF,227,Western Cape,Somerset West,Diepgat,South Atlantic Coast,Groot Berg,1960,,   0.308,0.0,,x,,,,,,,,,S,34,5,,E,18,56,,-34.083,18.933,53,,,
Langseekoeigat,South Africa,ZAF,227,Free State,Trompsburg,Van Zylspruit,Orange Basin,Riet,1925,,   3.342,0.0,,x,,,,,,,,,S,29,57,32,E,25,44,28,-29.959,25.741,53,,x,
Langverwacht,South Africa,ZAF,227,Western Cape,Cape Town,Kuils,South Atlantic Coast,Groot Berg,1964,,   0.085,0.0,,x,,,,,,,,,S,33,56,,E,18,43,,-33.933,18.717,53,,,
Leeubos,South Africa,ZAF,227,Northern Cape,Upington,Swartbas,Orange Basin,Molopo,1983,,   0.998,11.4,,,,,,,,,,,S,26,43,49,E,20,6,0,-26.730,20.100,53,,x,
Leeu-Gamka,South Africa,ZAF,227,Western Cape,Beaufort West,Leeu,Indian Ocean Coast,Gouritz,1981,,   14.15,35.3,,x,,,,,,,,,S,32,37,19,E,22,0,23,-32.622,22.006,53,,x,
Lepelane,South Africa,ZAF,227,Northern Province,Malipsdrif,Lepelane,Limpopo Basin,Elefantes,,,,0.0,,,,,,,,,,,S,24,26,,E,29,44,,-24.433,29.733,53,,,
Lewis Gay,South Africa,ZAF,227,Western Cape,Simonstad,Woel,South Atlantic Coast,Groot Berg,1949,,   0.144,0.0,,,x,,,,,,,,S,34,10,4,E,18,23,47,-34.168,18.396,53,,x,
Lindley,South Africa,ZAF,227,Gauteng,Lindley,Vals,Limpopo Basin,Krokodil,1977,,   0.108,,,,,,,,,,,,S,25,54,23,E,27,54,21,-25.906,27.906,"53, 54",,,
Lindleyspoort,South Africa,ZAF,227,North-west,Zwartruggens,Elands,Limpopo Basin,Krokodil,1980,,   14.42,12.3,,x,,,,,,,,,S,25,29,54,E,26,41,28,-25.498,26.691,53,,x,
Loch Athlone,South Africa,ZAF,227,Free State,Bethlehen,Jordaan,Orange Basin,Vaal,1962,,   3.74,0.0,,,,,,,,,,,S,28,15,1,E,28,18,32,-28.250,28.309,53,,x,
Loch Lamond,South Africa,ZAF,227,Free State,Bethlehen,Jordaan,Orange Basin,Vaal,,,   27.07,0.0,,,,,,,,,,,S,28,10,7,E,28,18,47,-28.169,28.313,53,,x,
Loerie,South Africa,ZAF,227,Eastern Cape,Hankey,Loerie,Indian Ocean Coast,Gamtoos,1984,,   3.362,18.3,,,x,,,,,,,,S,33,51,54,E,25,2,19,-33.865,25.039,53,,x,
Longmere,South Africa,ZAF,227,Mpumalanga,Withe River,Wit,Indian Ocean Coast,Incomati,1979,,   4.347,5.0,,x,,,,,,,,,S,25,16,41,E,31,0,11,-25.278,31.003,53,,x,
Loporung,South Africa,ZAF,227,Southern,Tshidilanolomo,Molopo,Orange Basin,Molopo,1948,,   0.3,0.0,,,,,,,,,,,S,25,46,13,E,24,57,10,-25.770,24.953,53,,x,Lat/Long located inside Botswana
Loraine,South Africa,ZAF,227,Western Cape,Grabouw,Krom,South Atlantic Coast,Groot Berg,1966,,   0.648,0.0,,,,,,,,,,,S,34,14,,E,19,4,,-34.233,19.067,53,,x,
Lorna Dawn,South Africa,ZAF,227,Northern Province,Duiwelskloof,Middle Letaba,Limpopo Basin,Elefantes,1971,,   11.75,0.0,,x,,,,,,,,,S,23,28,58,E,30,7,36,-23.483,30.127,53,,x,
Loskop,South Africa,ZAF,227,Mpumalanga,Globersdal,Olifants,Limpopo Basin,Elefantes,1978,,   348.1,0.0,,x,,,,,,,,,S,25,25,5,E,29,21,33,-25.418,29.359,53,,x,
Lovedale,South Africa,ZAF,227,Free State,Tweespruit,Tweespruit,Orange Basin,Caledon,1915,,   2.741,0.0,,,,,,,,,,,S,29,14,31,E,27,4,57,-29.242,27.083,53,,x,
Loxton,South Africa,ZAF,227,Northern Cape,Loxton,Soutpoort,Orange Basin,Sak,1913,,   1.475,0.0,,x,x,,,,,,,,S,31,28,49,E,22,21,47,-31.480,22.363,53,,x,
Lubisi,South Africa,ZAF,227,Eastern Cape,Indwe,Indwe,Indian Ocean Coast,Groot Kei,1968,,   157.9,0.0,,,,,,,,,,,S,31,47,47,E,27,25,51,-31.796,27.431,53,,x,
Lucretia,South Africa,ZAF,227,Free State,Clocolan,Moperisspruit,Orange Basin,Caledon,1955,,   0.786,0.0,,,,,,,,,,,S,28,54,5,E,27,33,10,-28.901,27.553,53,,x,
Luphephe,South Africa,ZAF,227,Northern Province,Messina,Luphephe,Limpopo Basin,Limpopo,1979,,   15.02,0.8,,,,,,,,,,,S,22,38,,E,30,24,,-22.633,30.400,53,,,
Lushof,South Africa,ZAF,227,Western Cape,Prince Alfred,Skaap,South Atlantic Coast,Olifants,1965,,   0.893,0.0,,x,,,,,,,,,S,33,18,,E,19,21,,-33.300,19.350,,,,
Mabule,South Africa,ZAF,227,Southern,Vergelee,Molopo,Orange Basin,Molopo,,,   0.4,0.0,,,,,,,,,,,S,25,46,19,E,24,33,19,-25.772,24.555,53,,x,Lat/Long located inside Botswana
Maden,South Africa,ZAF,227,Eastern Cape,King William's Town,Buffalo,Indian Ocean Coast,Groot Kei,1981,,   0.266,16.8,,,,,,,,,,,S,32,45,,E,27,18,,-32.750,27.300,53,,,
Magoebaskloof,South Africa,ZAF,227,Northern Province,Tzaneen,Politsi,Limpopo Basin,Elefantes,1970,,   5.608,0.0,,x,,,,,,,,,S,23,49,3,E,30,3,21,-23.818,30.056,53,,x,
Mapochs,South Africa,ZAF,227,Mpumalanga,Roossenekal,Mapogs,Limpopo Basin,Elefantes,1969,,   0.512,0.0,,x,,,,,,,,,S,25,6,,E,29,52,,-25.100,29.867,53,,,
Maqalika,South Africa,ZAF,227,,,Mejametalana,,,,10,   3.7,,400,,,,,,,,,,S,29,17,29,E,27,30,38,-29.291,27.510,,3,,
Maquassie,South Africa,ZAF,227,North-west,Wolmaranstad,Maquassie,Orange Basin,Vaal,1908,,   0.261,0.0,,,,,,,,,,,S,27,18,,E,26,0,,-27.300,26.000,53,,,
Marico-Bosveld,South Africa,ZAF,227,North-west,Zeerust,Groot Marico,Limpopo Basin,Krokodil,1977,,   27.7,7.4,,x,,,,,,,,,S,25,28,13,E,26,23,34,-25.470,26.393,53,,x,
Marquard,South Africa,ZAF,227,Free State,Marquard,Laaispruit,Orange Basin,Vaal,1950,,   2.285,0.0,,,,,,,,,,,S,28,40,,E,27,25,,-28.667,27.417,53,,,
Mazelspoort,South Africa,ZAF,227,Free State,Bloemfontein,Modder,Orange Basin,Riet,1934,,   0.783,0.0,,,,,,,,,,,S,29,1,50,E,26,23,53,-29.031,26.398,53,,x,
Melville,South Africa,ZAF,227,Western Cape,Outshoorn,KleinLe Roux,Indian Ocean Coast,Gouritz,1984,,   0.466,0.0,,,x,,,,,,,,S,33,24,,E,22,19,,-33.400,22.317,53,,,
Menin,South Africa,ZAF,227,Free State,Bethlehem,Matjesvlei,Orange Basin,Vaal,1978,,   0.691,16.3,,,,,,,,,,,S,28,5,4,E,28,16,39,-28.084,28.278,53,,x,
Merthley,South Africa,ZAF,227,Kwazulu-natal,Greytown,Keizers,Indian Ocean Coast,Mgeni,1954,,   1.138,0.0,,,,,,,,,,,S,29,2,5,E,30,33,38,-29.035,30.561,53,,x,
Merweville,South Africa,ZAF,227,Western Cape,Bulwater,Van Der Byl,Indian Ocean Coast,Gouritz,1950,,,0.0,,,,,,,,,,,S,32,38,31,E,21,30,,-32.642,21.500,53,,x,
Meulspruit,South Africa,ZAF,227,Free State,Ficksburg,Meulspruit,Orange Basin,Caledon,1976,16,   2.6,0.0,,,,,,,,,,,S,28,52,51,E,27,50,5,-28.881,27.835,"53, 54",,x,
Mfshane,South Africa,ZAF,227,Kwazulu-natal,Dannhauser,,Indian Ocean Coast,Tugela,,,,0.0,,,,,,,,,,,S,28,2,,E,30,1,,-28.033,30.017,53,,,
Middelburg,South Africa,ZAF,227,Mpumalanga,Milldelburg,Klein Olifants,Limpopo Basin,Elefantes,1983,,   48.44,0.0,,,x,,,,,,,,S,25,46,30,E,29,32,46,-25.775,29.546,53,,x,
Middelkraal,South Africa,ZAF,227,North-west,Pretoria,Marikana,Limpopo Basin,Krokodil,1966,,   0.757,0.0,,,,,,,,,,,S,25,41,27,E,27,32,34,-25.691,27.543,53,,x,
Middle Letaba,South Africa,ZAF,227,Northern Province,Giyani,Middle Letaba,Limpopo Basin,Elefantes,1943,,   173.0,0.0,,x,x,,,,,,,,S,23,16,20,E,30,24,7,-23.272,30.402,53,,x,
Midmar,South Africa,ZAF,227,Kwazulu-natal,Howick,Mgeni,Indian Ocean Coast,Mgeni,1983,,   177.1,0.1,,,x,,,,,,,,S,29,29,43,E,30,12,8,-29.495,30.202,53,,x,
Miertjieskraal,South Africa,ZAF,227,Western Cape,Riversdale,Brand,Indian Ocean Coast,Gouritz,1977,,   1.57,0.0,,,,,,,,,,,S,33,49,44,E,21,8,0,-33.829,21.133,53,,x,
Mile,South Africa,ZAF,227,Eastern Cape,Sherbourne,Klein Brak,Indian Ocean Coast,Groot Vis,1960,,,0.0,,,,,,,,,,,S,31,27,,E,25,1,,-31.450,25.017,53,,,
Milner,South Africa,ZAF,227,Eastern Cape,Grahamstown,Nuwejaars,Indian Ocean Coast,Sondags,1900,,   0.255,0.0,,,,,,,,,,,S,33,19,,E,26,26,,-33.317,26.433,53,,,
Misverstand,South Africa,ZAF,227,Western Cape,Piketberg,Berg,South Atlantic Coast,Groot Berg,1977,,   6.1,0.0,,,,,,,,,,,S,33,1,,E,18,47,,-33.017,18.783,53,,,
Mockes,South Africa,ZAF,227,Free State,Bloemfontein,Modder,Orange Basin,Riet,1948,,   6.005,0.0,,,x,,,,,,,,S,29,3,17,E,26,27,11,-29.055,26.453,53,,x,
Moddervlei,South Africa,ZAF,227,Western Cape,Ceres,Haudenbek,South Atlantic Coast,Olifants,1971,,   1.462,0.0,,x,,,,,,,,,S,33,7,,E,19,20,,-33.117,19.333,53,,,
Modjadji,South Africa,ZAF,227,,,Molototosi,,,,24,   5.0,,900,,,,,,,,,,S,23,35,4,E,30,20,47,-23.585,30.346,,3,,
Mogoto,South Africa,ZAF,227,Northern Province,Zebediela,Mogoto,Limpopo Basin,Elefantes,1924,,   2.924,0.0,,x,,,,,,,,,S,24,16,,E,29,14,,-24.267,29.233,53,,,
Molopo Oog,South Africa,ZAF,227,North-west,Lichtenburg,Molopo,Orange Basin,Molopo,1984,,   0.075,0.0,,,,,,,,,,,S,26,3,8,E,25,50,58,-26.052,25.849,"53, 54",,,
Molteno,South Africa,ZAF,227,Eastern Cape,Molteno,Stormberg,Orange Basin,Orange,1935,,   0.319,0.0,,,,,,,,,,,S,31,24,27,E,26,22,15,-31.408,26.371,53,,x,
Montagu,South Africa,ZAF,227,Western Cape,Robertson,Kingna,Indian Ocean Coast,Breede,1969,,   0.279,0.0,,,x,,,,,,,,S,33,47,46,E,20,7,44,-33.796,20.129,53,,x,
Mooikelder,South Africa,ZAF,227,Western Cape,Paarl,Berg,South Atlantic Coast,Groot Berg,1966,,   1.976,,,x,,,,,,,,,S,33,40,,E,18,57,,-33.667,18.950,53,,,
Mooivlei,South Africa,ZAF,227,Eastern Cape,Burgersdrop,Stormbergspruit,Orange Basin,Orange,1963,,   1.1,0.0,,x,,,,,,,,,S,31,9,,E,26,15,,-31.150,26.250,53,,x,
Moordkuil,South Africa,ZAF,227,Western Cape,Worcester,Hoeks,South Atlantic Coast,Groot Berg,1985,,   1.52,3.1,,,,,,,,,,,S,33,47,42,E,19,28,10,-33.795,19.469,53,,x,
Moreson,South Africa,ZAF,227,Western Cape,Grabouw,Vygebooms,South Atlantic Coast,Groot Berg,1964,,   0.535,0.0,,x,,,,,,,,,S,34,3,,E,19,7,,-34.050,19.117,53,,,
Morgenstond,South Africa,ZAF,227,Mpumalanga,Piet Retief,Ngwempisi,Indian Ocean Coast,Maputo,1980,,   45.97,1.2,,,x,,,,,,,,S,26,42,39,E,30,32,42,-26.711,30.545,53,,x,
Mossel,South Africa,ZAF,227,Western Cape,Hermanus,Mossel,South Atlantic Coast,Groot Berg,1948,,   0.175,0.0,,,x,,,,,,,,S,34,24,,E,19,18,,-34.400,19.300,53,,,
Mountain(1),South Africa,ZAF,227,Western Cape,Piketberg,Boesmans,South Atlantic Coast,Groot Berg,1964,,   1.35,0.0,,x,,,,,,,,,S,30,22,0,E,28,47,50,-30.367,28.797,53,,x,
Mountain(2),South Africa,ZAF,227,Eastern Cape,Matatiele,Keneka,Indian Ocean Coast,Mzimkulu,1970,,   0.984,0.0,,,,,,,,,,,S,30,22,,E,28,48,,-30.367,28.800,53,,,
Mountonsvlei,South Africa,ZAF,227,Western Cape,Piketberg,Boesmans,South Atlantic Coast,Groot Berg,1959,,   0.573,0.0,,x,,,,,,,,,S,32,46,20,E,18,42,57,-32.772,18.716,53,,x,
Mushroom Valley,South Africa,ZAF,227,Free State,Winburg,Sandspruit,Orange Basin,Vaal,1925,,   0.303,0.0,,x,,,,,,,,,S,28,44,9,E,27,10,33,-28.736,27.176,53,,x,
Mutshedzi,South Africa,ZAF,227,,,Mutshedzi,,,,,   0.479,,500,,,,,,,,,,S,22,56,49,E,30,10,10,-22.947,30.170,,3,,
Nagle,South Africa,ZAF,227,Kwazulu-natal,Pietermaritzburg,Mgeni,Indian Ocean Coast,Mgeni,1950,,   23.2,0.0,,,x,,,,,,,,S,29,35,30,E,30,37,37,-29.592,30.627,53,,x,
Nahoon,South Africa,ZAF,227,Eastern Cape,East London,Nahoon,Indian Ocean Coast,Groot Kei,1981,,   20.76,5.5,,,x,,,,,,,,S,32,54,36,E,27,48,39,-32.910,27.811,53,,x,
Nandoni,South Africa,ZAF,227,,Thohoyandou,Levuvuhu,,,1998,47,   164.0,,15700,,,,,,,,,,S,22,58,23,E,30,36,7,-22.973,30.602,,3,,
Nantes,South Africa,ZAF,227,Western Cape,Paarl,Paarl Mount,South Atlantic Coast,Groot Berg,1947,,   0.815,0.0,,,x,,,,,,,,S,33,44,,E,18,55,,-33.733,18.917,53,,,
Naval,South Africa,ZAF,227,Free State,Senekal,Sandspruit,Orange Basin,Vaal,1960,,   0.64,0.0,,x,,,,,,,,,S,28,21,,E,27,48,,-28.350,27.800,53,,,
Ncora,South Africa,ZAF,227,Eastern Cape,Tsomo,Tsomo,Indian Ocean Coast,Mzimkulu,1976,,   161.7,0.0,,,,,,,,,,,S,31,47,11,E,27,40,39,-31.786,27.678,53,,x,
Neldoret,South Africa,ZAF,227,Northern Province,Duiwelskloof,Koedoes,Limpopo Basin,Elefantes,1964,,   1.827,0.0,,,,,,,,,,,S,23,33,26,E,30,9,12,-23.557,30.153,53,,x,
Newberry,South Africa,ZAF,227,Free State,Tweespruit,Leeu,Orange Basin,Caledon,1896,,   5.587,0.0,,,,,,,,,,,S,29,15,12,E,27,12,53,-29.253,27.215,53,,x,
Niekerkspoort,South Africa,ZAF,227,Northern Cape,De KLerk,Ongers,Orange Basin,Brak,1954,,   0.392,0.0,,,,,,,,,,,S,31,7,23,E,23,22,9,-31.123,23.369,53,,x,
Nonoti,South Africa,ZAF,227,Kwazulu-natal,Mandini,Nonioti,Indian Ocean Coast,Mgeni,1970,,   0.261,0.0,,,,,,,,,,,S,29,16,17,E,31,21,23,-29.271,31.356,53,,x,
Nooitgedacht,South Africa,ZAF,227,Mpumalanga,Carolina,Komati,Indian Ocean Coast,Incomati,1983,,   78.82,1.2,,x,x,,,,,,,,S,25,56,51,E,30,4,54,-25.948,30.082,53,,x,
Nsami,South Africa,ZAF,227,,,Nsama,,,,24,   24.4,,4700,x,,,,,,,,,S,23,15,2,E,30,46,1,-23.250,30.767,,3,,
Nsezimeer,South Africa,ZAF,227,Kwazulu-natal,Emangeni,Nsez,,,1980,,   8.337,0.0,,,,,,,,,,,,,,,,,,,,,53,,,
Ntshongweni,South Africa,ZAF,227,Kwazulu-natal,Durban,Mlazi,Indian Ocean Coast,Mgeni,1927,,   12.06,0.0,,,,,,,,,,,S,29,52,,E,30,44,,-29.867,30.733,53,,,
Nungwana,South Africa,ZAF,227,Kwazulu-natal,Amanzimtoti,Nungwana,Indian Ocean Coast,Mgeni,1977,,,0.0,,,x,,,,,,,,S,30,0,,E,30,40,,-30.000,30.667,53,,,
Nuweberg,South Africa,ZAF,227,Western Cape,Dalsig,Palmiet,South Atlantic Coast,Groot Berg,1971,,   3.864,0.0,,x,,,,,,,,,S,34,5,23,E,19,2,57,-34.090,19.049,53,,x,
Nuwejaars,South Africa,ZAF,227,Eastern Cape,Alicedale,Nuwejaars,Indian Ocean Coast,Sondags,1981,,   4.622,1.2,,,,,,,,,,,S,33,18,12,E,26,6,47,-33.303,26.113,53,,x,
Nwanedzi,South Africa,ZAF,227,Northern Province,Messina,Nwanedzi,Limpopo Basin,Limpopo,1979,,   5.559,0.5,,,,,,,,,,,S,22,38,,E,30,24,,-22.633,30.400,53,,,
Nzhelele,South Africa,ZAF,227,Northern Province,Louis Trchardt,Nzhelele,Limpopo Basin,Limpopo,1979,,   57.27,5.1,,,,,,,,,,,S,22,34,28,E,30,5,44,-22.574,30.096,53,,x,
Ohrigstad,South Africa,ZAF,227,Mpumalanga,Pilgrims Rest,Ohrigstad,Limpopo Basin,Elefantes,1979,,   14.44,0.0,,x,,,,,,,,,S,24,55,59,E,30,37,54,-24.933,30.632,53,,x,
Old Stable,South Africa,ZAF,227,Western Cape,Grabouw,Krom,South Atlantic Coast,Groot Berg,1965,,   0.164,0.0,,,,,,,,,,,S,34,12,,E,19,3,,-34.200,19.050,53,,,
Olievenfontein,South Africa,ZAF,227,Free State,Trompsburg,Krommespruit,Orange Basin,Riet,1955,,   0.509,0.0,,,,,,,,,,,S,29,51,44,E,25,46,43,-29.862,25.779,53,,x,
Olifantsnek,South Africa,ZAF,227,North-west,Rustenburg,Hex,Limpopo Basin,Krokodil,1962,,   14.2,9.6,,x,,,,,,,,,S,25,47,7,E,27,15,33,-25.785,27.259,53,,x,
Olivers (De Hoop),South Africa,ZAF,227,Eastern Cape,Adendrop,Camdeboo,Indian Ocean Coast,Sondags,1910,,   6.404,0.0,,,,,,,,,,,S,32,27,20,E,24,26,9,-32.456,24.436,53,,x,
Orange Grover,South Africa,ZAF,227,Free State,Senekal,Sandspruit,Orange Basin,Vaal,1966,,   0.82,0.0,,x,,,,,,,,,S,28,20,,E,27,47,,-28.333,27.783,53,,,
Ottergat,South Africa,ZAF,227,Western Cape,Groenfontein,Koekedou,South Atlantic Coast,Olifants,1972,,   1.454,0.0,,x,,,,,,,,,S,33,17,,E,19,15,,-33.283,19.250,53,,,
Oubaaskraal,South Africa,ZAF,227,Western Cape,Bo-Wadrif,Tankwa,South Atlantic Coast,Olifants,1964,,   27.68,0.0,,x,,,,,,,,,S,32,33,37,E,19,53,42,-32.560,19.895,53,,x,
Oukloof,South Africa,ZAF,227,Western Cape,Prince Albert,Cordiers,Indian Ocean Coast,Gouritz,1984,,   4.222,,,x,,,,,,,,,S,33,14,43,E,22,5,26,-33.245,22.091,53,,x,
P K Le Roux,South Africa,ZAF,227,Northern Cape,Petrusville,Orange,Orange Basin,Orange,1978,,  3 237.0,,,x,,,x,,,,,,S,29,59,30,E,24,43,55,-29.992,24.732,53,,x,
P V,South Africa,ZAF,227,Western Cape,Grabouw,Jakkels,South Atlantic Coast,Groot Berg,1961,,   0.178,0.0,,x,,,,,,,,,S,34,12,,E,19,8,,-34.200,19.133,53,,,
P V M Haarof,South Africa,ZAF,227,Gauteng,Balfour,Suikerbos,Orange Basin,Vaal,1979,,   0.57,12.3,,,,,,,,,,,S,26,35,53,E,28,30,24,-26.598,28.507,53,,x,
Paley,South Africa,ZAF,227,Northern Cape,Victoria West,Meltonwald,Orange Basin,Brak,1922,,   0.987,0.0,,,,,,,,,,,S,31,27,44,E,22,45,14,-31.462,22.754,53,,x,
Palmietriver,South Africa,ZAF,227,Western Cape,Gordon's Bay,Palmiet,South Atlantic Coast,Groot Berg,1952,,   3.342,0.0,,,,,,,,,,,S,34,10,48,E,18,58,29,-34.180,18.975,53,,x,
Papdam,South Africa,ZAF,227,Western Cape,Beaufort West,Hansrivier,Indian Ocean Coast,Gouritz,,,,0.0,,,,,,,,,,,S,32,20,,E,22,30,,-32.333,22.500,53,,,
Paris,South Africa,ZAF,227,,Vryheid,Bivane,,,2000,72,   115.0,,5400,,,,,,,,,,S,27,31,1,E,31,3,2,-27.517,31.050,,3,,
Pataskolf,South Africa,ZAF,227,Western Cape,Soetendal,Limiek,South Atlantic Coast,Groot Berg,1972,,   0.116,0.0,,,,,,,,,,,S,33,34,0,E,19,5,57,-33.567,19.099,53,,x,
Paul Sauer,South Africa,ZAF,227,Eastern Cape,Patensie,Koega,Indian Ocean Coast,Gamtoos,1986,,   128.5,1.2,,x,,,,,,,,,S,33,44,27,E,24,35,16,-33.741,24.588,53,,x,
Peatties Lake,South Africa,ZAF,227,Kwazulu-natal,Richmond,Rooispruit,Indian Ocean Coast,Mgeni,1962,,   2.611,0.0,,,,,,,,,,,S,29,26,,E,30,25,,-29.433,30.417,53,,,
Phalaborwa Barrage,South Africa,ZAF,227,Northern Province,Phalaborwa,Olifants,Limpopo Basin,Elefantes,1974,,   5.65,37.1,,x,x,,,,,,,,S,24,4,12,E,31,8,44,-24.070,31.146,53,,x,
Phiring,South Africa,ZAF,227,North-west,Mafikeng,Molopo,Orange Basin,Molopo,,,,0.0,,,,,,,,,,,S,25,46,11,E,25,10,17,-25.770,25.171,53,,x,
Phitshane,South Africa,ZAF,227,North-west,Tshidilanolomo,Molopo,Orange Basin,Molopo,1950,,   5.0,0.0,,,,,,,,,,,S,25,44,,E,25,4,,-25.733,25.067,53,,,
Phoenix Colliery,South Africa,ZAF,227,Mpumalanga,Witbank,Olifants,Limpopo Basin,Elefantes,1960,,   0.828,0.0,,,,,,,,,,,S,26,3,49,E,29,11,42,-26.064,29.195,53,,x,
Pienaar,South Africa,ZAF,227,Mpumalanga,Middelburg,Vaalbank Spruit,Limpopo Basin,Elefantes,1938,,   0.997,0.0,,,,,,,,,,,S,25,50,9,E,29,29,5,-25.836,29.485,53,,x,
Pietersfontein,South Africa,ZAF,227,Western Cape,Montagu,Keisies,Indian Ocean Coast,Breede,1981,,   2.062,21.7,,x,,,,,,,,,S,33,40,12,E,20,0,59,-33.670,20.016,53,,x,
Polly,South Africa,ZAF,227,Western Cape,Rawsonville,Doring,South Atlantic Coast,Groot Berg,1969,,   1.044,0.0,,x,,,,,,,,,S,33,54,50,E,19,26,1,-33.914,19.434,53,,x,
Pongolapoort,South Africa,ZAF,227,Kwazulu-natal,Mkuze,Pongola,Indian Ocean Coast,Maputo,1984,,  2 501.0,,,x,,,,,,,,,S,27,25,9,E,32,4,17,-27.419,32.071,53,,x,
Poortjie,South Africa,ZAF,227,Free State,Zastron,Baalsbalkspruit,Orange Basin,Caledon,1981,,   5.408,26.9,,,,,,,,,,,S,30,3,17,E,26,53,22,-30.055,26.889,53,,x,
Poortjie(1),South Africa,ZAF,227,Eastern Cape,Burgersdrop,Stombergspruit,Indian Ocean Coast,Mzimkulu,1963,,   0.22,0.0,,x,,,,,,,,,S,31,3,,E,28,38,,-31.050,28.633,53,,,
Poortjieskloof,South Africa,ZAF,227,Western Cape,Montagu,Groot,Indian Ocean Coast,Breede,1979,,   9.959,2.4,,x,,,,,,,,,S,33,50,,E,20,20,,-33.833,20.333,53,,,
Porterville,South Africa,ZAF,227,Western Cape,Porterville,Water V Font,South Atlantic Coast,Groot Berg,1935,,   0.439,0.0,,,,,,,,,,,S,33,1,,E,19,0,,-33.017,19.000,53,,,
Premier Mine,South Africa,ZAF,227,Gauteng,Cullinan,Wilge,Limpopo Basin,Elefantes,1907,,   5.036,0.0,,,,,,,,,,,S,25,48,3,E,28,51,47,-25.801,28.863,53,,x,
Prieka,South Africa,ZAF,227,Northern Province,Tzaneen,Great Letaba,Limpopo Basin,Elefantes,1979,,   0.54,13.6,,,,,,,,,,,S,23,38,46,E,30,43,6,-23.646,30.718,53,,x,
Primkop,South Africa,ZAF,227,Mpumalanga,White River,Wit,Indian Ocean Coast,Incomati,1979,,   2.101,3.9,,x,,,,,,,,,S,25,23,8,E,31,4,17,-25.386,31.071,53,,x,
Prince Alferd,South Africa,ZAF,227,Western Cape,Prince Alfred Hamlet,Wabooms,South Atlantic Coast,Olifants,1968,,   0.522,0.0,,,,,,,,,,,S,33,17,,E,19,19,,-33.283,19.317,53,,,
Prinsrivier,South Africa,ZAF,227,Western Cape,Ladismith,Prins,Indian Ocean Coast,Gouritz,1981,,   1.262,,,x,,,,,,,,,S,33,31,2,E,20,45,11,-33.517,20.753,53,,x,
Putterill,South Africa,ZAF,227,Kwazulu-natal,Witsieshoek,Putterillspruit,Indian Ocean Coast,Tugela,1973,,,0.0,,,,,,,,,,,S,28,38,,E,29,2,,-28.633,29.033,53,,,
Qedusizi,South Africa,ZAF,227,,Ladysmith,Klip,,,1998,32,   128.0,,200,,,,,,,,,,S,28,34,16,E,29,48,25,-28.571,29.807,,3,,
Reitz (lower),South Africa,ZAF,227,Free State,Reitz,Liebensbergsvlei,Orange Basin,Vaal,1955,,   0.368,0.0,,,,,,,,,,,S,27,41,37,E,28,22,24,-27.694,28.373,53,,x,
Reitz (reward),South Africa,ZAF,227,Free State,Reitz,Liebensbergsvlei,Orange Basin,Vaal,1955,,   0.345,0.0,,,,,,,,,,,S,27,45,,E,28,19,,-27.750,28.317,53,,,
Remhoogte (1),South Africa,ZAF,227,Western Cape,Grabouw,Huits,South Atlantic Coast,Groot Berg,1957,,   0.176,0.0,,,,,,,,,,,S,34,12,,E,19,2,,-34.200,19.033,53,,,
Remhoogte (2),South Africa,ZAF,227,Western Cape,Grabouw,Palmiet,South Atlantic Coast,Groot Berg,1960,,   0.196,0.0,,x,,,,,,,,,S,34,12,,E,19,1,,-34.200,19.017,53,,,
Rheebokskraal,South Africa,ZAF,227,,,Hoeks,,,1980,,,0.0,,,,,,,,,,,,,,,,,,,,,53,,,
Rhenosterkop(1),South Africa,ZAF,227,Eastern Cape,Venterstad,Broekspruit,Orange Basin,Orange,1965,,   0.36,0.0,,,,,,,,,,,S,25,5,56,E,28,55,5,-25.099,28.918,53,,x,
Rhenosterkop(2),South Africa,ZAF,227,Mpumalanga,Marble Hall,Elands,Limpopo Basin,Elefantes,1984,,   205.8,0.0,,,x,,,,,,,,S,24,56,,E,28,56,,-24.933,28.933,53,,,
Rietfontein,South Africa,ZAF,227,Free State,Winburg,Laaispruit,Orange Basin,Vaal,1935,,   0.864,0.0,,,,,,,,,,,S,28,33,17,E,26,59,38,-28.555,26.994,53,,x,
Rietport,South Africa,ZAF,227,Western Cape,Murraysburg,Keriga,Indian Ocean Coast,Gamtoos,1955,,   0.09,0.0,,x,,,,,,,,,S,31,47,47,E,23,44,43,-31.796,23.745,53,,x,
Rietspruit,South Africa,ZAF,227,North-west,Ventersdrop,Skoonspruit,Orange Basin,Vaal,1955,,   7.772,0.0,,,x,,,,,,,,S,26,25,,E,26,48,,-26.417,26.800,53,,x,
Rietvlei(1),South Africa,ZAF,227,Western Cape,Dalsig,Palmiet,South Atlantic Coast,Groot Berg,1955,,   0.133,0.0,,,,,,,,,,,S,34,9,,E,19,5,,-34.150,19.083,53,,,
Rietvlei(2),South Africa,ZAF,227,Gauteng,Pretoria,Hennops,Limpopo Basin,Krokodil,1977,,   12.2,5.2,,,x,,,,,,,,S,25,52,43,E,28,15,55,-25.879,28.265,53,,x,
Rietwater,South Africa,ZAF,227,Free State,Dewetsdrop,Fouriespruit,Orange Basin,Caledon,1961,,   1.95,0.0,,,x,,,,,,,,S,29,39,36,E,26,59,5,-29.660,26.985,53,,x,
Roode Els Berg,South Africa,ZAF,227,Western Cape,Worcester,Sanddrifskloof,South Atlantic Coast,Groot Berg,1983,,   7.733,4.6,,,,,,,,,,,S,33,27,,E,19,34,,-33.450,19.567,53,,,
Roodekopjies,South Africa,ZAF,227,North-west,Brits,Crocolile,Limpopo Basin,Krokodil,1984,,   102.6,0.0,,x,,,,,,,,,S,25,24,25,E,27,34,39,-25.407,27.578,53,,x,
Roodeplaat,South Africa,ZAF,227,Gauteng,Pretoria,Pienaars,Limpopo Basin,Krokodil,1980,,   43.69,4.0,,x,x,,,,,,,,S,25,37,16,E,28,22,21,-25.621,28.373,53,,x,
Roodepoort (1),South Africa,ZAF,227,Free State,Koppies,Leeospruit,Orange Basin,Vaal,1978,,   0.908,51.2,,x,,,,,,,,,S,27,13,39,E,27,31,0,-27.228,27.517,53,,x,
Roodepoort (2),South Africa,ZAF,227,Free State,Dewetsdrop,Onder Kromspruit,Orange Basin,Riet,1981,,   3.601,0.0,,,,,,,,,,,S,29,32,8,E,26,35,1,-29.536,26.584,53,,x,
Roodepoort (3),South Africa,ZAF,227,Mpumalanga,Grobelsdar,Selons,Limpopo Basin,Elefantes,1968,,   1.36,0.0,,,,,,,,,,,S,25,24,,E,29,29,,-25.400,29.483,53,,x,
Rooiberg,South Africa,ZAF,227,Northern Cape,Kenhardt,Hartbeers,Orange Basin,Hartbees,1983,,   3.652,48.9,,,,,,,,,,,S,29,24,2,E,21,12,21,-29.401,21.206,53,,x,
Rooifontein(1),South Africa,ZAF,227,Free State,Thaba Nchu,Koranna,Orange Basin,Riet,,,   0.347,0.0,,,,,,,,,,,S,29,9,57,E,26,51,44,-29.166,26.862,53,,x,
Rooifontein(2),South Africa,ZAF,227,Western Cape,Grooefontein,Doring,South Atlantic Coast,Olifants,1955,,   0.196,0.0,,,,,,,,,,,S,33,9,,E,19,41,,-33.150,19.683,53,,,
Rooikraal,South Africa,ZAF,227,Mpumalanga,Groblersdal,Bloed,Limpopo Basin,Elefantes,1983,,   2.123,0.0,,x,,,,,,,,,S,25,17,35,E,29,39,1,-25.293,29.650,53,,x,
Rooikrantz,South Africa,ZAF,227,Eastern Cape,King William's Town,Buffalo,Indian Ocean Coast,Groot Kei,1981,,   5.027,2.7,,,x,,,,,,,,S,32,45,20,E,27,19,31,-32.756,27.325,53,,x,
Rooiland,South Africa,ZAF,227,Western Cape,Porterville,Doring,South Atlantic Coast,Olifants,1955,,   0.196,0.0,,,,,,,,,,,S,33,9,,E,19,40,,-33.150,19.667,53,,,
Rooiland,South Africa,ZAF,227,Western Cape,Somerset West,Lourens,South Atlantic Coast,Groot Berg,1971,,   2.272,0.0,,x,,,,,,,,,S,34,5,,E,18,54,,-34.083,18.900,,,,
Rooiport,South Africa,ZAF,227,Eastern Cape,Burgersdrop,Sormbergspruit,Orange Basin,Orange,1958,,   0.27,0.0,,,,,,,,,,,S,30,55,,E,26,39,,-30.917,26.650,53,,,
Rooiwal,South Africa,ZAF,227,Northern Province,Potgietersrus,Sterk,Limpopo Basin,Mogalakwna,,,,0.0,,,,,,,,,,,S,24,14,,E,28,49,,-24.233,28.817,53,,,
Rosherville,South Africa,ZAF,227,Gauteng,Alberton,Elsburgspruit,Orange Basin,Vaal,,,   0.543,0.0,,,,,,,,,,,S,26,13,28,E,28,6,14,-26.224,28.104,53,,x,
Rust De Winter,South Africa,ZAF,227,Northern Province,Pienaarsrivier,Elands,Limpopo Basin,Elefantes,1977,,   28.48,4.4,,x,,,,,,,,,S,25,13,45,E,28,28,34,-25.229,28.476,53,,x,
Rustfontein,South Africa,ZAF,227,Free State,Dewetsdrop,Modder,Orange Basin,Riet,1955,,   75.4,0.0,,x,x,,,,,,,,S,29,16,17,E,26,36,57,-29.271,26.616,53,,x,
Ryondsdale,South Africa,ZAF,227,Free State,Petrusburg,Modder,Orange Basin,Riet,1954,,   0.653,0.0,,,,,,,,,,,S,28,54,,E,25,15,,-28.900,25.250,53,,,
Sachs,South Africa,ZAF,227,,,Wiulge,,,1958,,   0.548,0.0,,,,,,,,,,,,,,,,,,,,,53,,,
Saddle,South Africa,ZAF,227,Western Cape,Grabouw,Ribbok,South Atlantic Coast,Groot Berg,1965,,   0.358,0.0,,x,,,,,,,,,S,34,8,55,E,19,5,49,-34.149,19.097,53,,x,
Sam Meyer,South Africa,ZAF,227,Eastern Cape,Waqu,Thorn,Indian Ocean Coast,Groot Kei,1972,,   0.674,0.0,,,,,,,,,,,S,32,19,25,E,27,8,32,-32.324,27.142,53,,x,
Sandile,South Africa,ZAF,227,Eastern Cape,Keiskamma Hoek,Keiskama,Indian Ocean Coast,Groot Kei,,,   27.5,0.0,,,,,,,,,,,S,32,40,,E,27,10,,-32.667,27.167,53,,,
Sandlaagte,South Africa,ZAF,227,Western Cape,Piketberg,Boesmans,South Atlantic Coast,Groot Berg,1963,,   0.099,0.0,,,,,,,,,,,S,32,47,,E,18,45,,-32.783,18.750,53,,,
Sandrivier,South Africa,ZAF,227,Eastern Cape,Uitenhage,Sand,Indian Ocean Coast,Sondags,1969,,   2.67,0.0,,,x,,,,,,,,S,33,43,42,E,25,5,49,-33.728,25.097,53,,x,
Sandvlei,South Africa,ZAF,227,Eastern Cape,Sterkstroom,Hex,Indian Ocean Coast,Groot Kei,1955,,   0.21,0.0,,x,,,,,,,,,S,31,31,26,E,26,33,10,-31.524,26.553,53,,x,
Saulspoort,South Africa,ZAF,227,Free State,Bethlehem,Liebenbeergs,Orange Basin,Vaal,1969,,   18.8,0.0,,,x,,,,,,,,S,28,13,1,E,28,21,48,-28.217,28.363,53,,x,
Scholtzburg,South Africa,ZAF,227,Northern Cape,Ritchie,Modder,Orange Basin,Riet,1955,,   0.522,0.0,,,,,,,,,,,S,29,1,37,E,24,38,26,-29.027,24.641,53,,x,
Schulhoek,South Africa,ZAF,227,Mpumalanga,Volksrust,Van der Schyf,Indian Ocean Coast,Tugela,1918,,   0.386,0.0,,,x,,,,,,,,S,27,25,14,E,29,48,0,-27.421,29.800,53,,x,
Seligman,South Africa,ZAF,227,Eastern Cape,Sherborne,Klein Brak,Indian Ocean Coast,Groot Vis,1930,,   0.478,0.0,,,,,,,,,,,S,31,27,,E,25,1,,-31.450,25.017,53,,,
Serfontein,South Africa,ZAF,227,Free State,Kroonstad,Vals,Orange Basin,Vaal,,,,0.0,,,x,,,,,,,,S,27,40,,E,27,10,,-27.667,27.167,53,,,
Settlers,South Africa,ZAF,227,Eastern Cape,Grahamstown,Kariega,Indian Ocean Coast,Sondags,1962,,   4.02,0.0,,,x,,,,,,,,S,33,24,43,E,26,30,35,-33.412,26.510,53,,x,
Sfoonbeekfontein,South Africa,ZAF,227,Free State,Springfontein,Sfoonbeekfontein,Orange Basin,Orange,1954,,   0.788,0.0,,,,,,,,,,,S,30,20,,E,25,58,,-30.333,25.967,53,,,
Shiyalongubo,South Africa,ZAF,227,Mpumalanga,Barberton,Ugutugulo,Indian Ocean Coast,Incomati,1939,,   2.29,0.0,,x,,,,,,,,,S,25,45,,E,31,16,,-25.750,31.267,53,,,
Shongveni,South Africa,ZAF,227,Kwazulu-natal,Pinetown,Mlazi,Indian Ocean Coast,Mgeni,1927,,,0.0,,,,,,,,,,,S,29,52,,E,30,44,,-29.867,30.733,53,,,
Skaapkraal,South Africa,ZAF,227,Western Cape,Grabouw,Ystervaek,South Atlantic Coast,Groot Berg,1968,,   1.345,0.0,,x,,,,,,,,,S,34,11,,E,19,5,,-34.183,19.083,53,,,
Skuins,South Africa,ZAF,227,South-east,Gaborone,Ngotwane,Limpopo Basin,Marico,,,,0.0,,,,,,,,,,,S,24,45,31,E,25,51,1,-24.759,25.850,53,,x,Lat/Long located inside Botswana
Slagboom,South Africa,ZAF,227,Eastern Cape,Kirkwood,Witte,Indian Ocean Coast,Sondags,1949,,   0.431,0.0,,,x,,,,,,,,S,33,22,12,E,25,39,58,-33.370,25.666,53,,x,
Slanggatt,South Africa,ZAF,227,Western Cape,Tulbagh,Slanggat,South Atlantic Coast,Olifants,1965,,   0.446,0.0,,,,,,,,,,,S,33,22,,E,19,20,,-33.367,19.333,53,,,
Smartt Syndicate,South Africa,ZAF,227,Northern Cape,Bristown,Ongers,Orange Basin,Brak,1979,,   100.3,2.2,,x,,,,,,,,,S,30,36,46,E,23,18,3,-30.613,23.301,53,,x,
Smithfield,South Africa,ZAF,227,Free State,Smithfield,Sy,Orange Basin,Caledon,1981,,   4.643,,,,,,,,,,,,S,30,11,42,E,26,31,35,-30.195,26.526,53,,x,
Solomons Temple,South Africa,ZAF,227,Western Cape,Ceres,Sandgat,South Atlantic Coast,Olifants,1966,,   3.133,0.0,,x,,,,,,,,,S,32,59,38,E,19,14,34,-32.994,19.243,53,,x,
Somenrsfontein,South Africa,ZAF,227,Western Cape,Gordon's Bay,Palmiet,South Atlantic Coast,Groot Berg,1964,,   0.146,0.0,,,,,,,,,,,S,34,13,,E,18,58,,-34.217,18.967,53,,,
Soutpoort,South Africa,ZAF,227,Northern Cape,Victoria West,Brak,Orange Basin,Brak,1919,,   1.932,0.0,,,,,,,,,,,S,31,23,25,E,22,43,59,-31.390,22.733,53,,x,
Spago,South Africa,ZAF,227,Mpumalanga,Nelspruit,Buffel's Creek,Indian Ocean Coast,Incomati,1946,,   4.438,0.0,,x,,,,,,,,,S,25,30,,E,31,34,,-25.500,31.567,53,,,
Spes Bona,South Africa,ZAF,227,Eastern Cape,Aliwal North,Broekspruit,Orange Basin,Orange,1937,,   9.79,0.0,,,,,,,,,,,S,30,46,30,E,25,56,5,-30.775,25.935,"53, 54",,x,
Spioenkop,South Africa,ZAF,227,Kwazulu-natal,Ladysmith,Tugela,Indian Ocean Coast,Tugela,1986,,   279.6,2.2,,,x,,,,,,,,S,28,40,50,E,29,31,1,-28.681,29.517,53,,x,
Spitskop,South Africa,ZAF,227,Northern Cape,Warrenton,Harts,Orange Basin,Vaal,1975,,   61.3,0.0,,x,,,,,,,,,S,28,7,20,E,24,30,2,-28.122,24.501,53,,x,
Stanford,South Africa,ZAF,227,Northern Province,Tzaneen,Helpmekaar,Limpopo Basin,Elefantes,1935,,   0.793,0.0,,,,,,,,,,,S,23,55,,E,29,59,,-23.917,29.983,53,,,
Steenbras,South Africa,ZAF,227,Western Cape,Strand,Steenbras,South Atlantic Coast,Groot Berg,1980,,   36.13,,,,x,,,,,,,,S,34,10,58,E,18,50,54,-34.183,18.848,53,,x,
Sterkfontein(1),South Africa,ZAF,227,Free State,Dewetsdorp,Bo-Kromspruit,Orange Basin,Riet,1935,,   0.74,0.0,,,,,,,,,,,S,29,29,9,E,26,32,38,-29.486,26.544,53,,x,
Sterkfontein(2),South Africa,ZAF,227,Gauteng,Meyerton,Suikerbos,Orange Basin,Vaal,1951,,   0.352,0.0,,,,,,,,,,,S,26,39,,E,28,12,,-26.650,28.200,53,,,
Sterkfontein(3),South Africa,ZAF,227,Free State,Harrismith,Nuvejaarspruit,Orange Basin,Vaal,1985,,  2 617.0,0.0,,,x,,,,,,,,S,28,23,15,E,29,0,56,-28.388,29.016,53,,x,
Sterkspruit,South Africa,ZAF,227,Kwazulu-natal,Hammersdale,Sterkspruit,Indian Ocean Coast,Mgeni,1963,,   0.355,0.0,,,,,,,,,,,S,29,48,18,E,30,39,50,-29.805,30.664,53,,x,
Sterkspruit,South Africa,ZAF,227,Mpumalanga,Bosoord,Crocodile,Indian Ocean Coast,Incomati,1982,,   167.0,0.0,,,,,,,,,,,S,25,21,38,E,30,23,11,-25.361,30.386,53,,x,
Stettynskloof,South Africa,ZAF,227,Western Cape,Worcester,Stettynskloof,South Atlantic Coast,Groot Berg,1984,,   15.54,0.6,,,x,,,,,,,,S,33,50,12,E,19,15,5,-33.837,19.251,53,,x,
Stolsriver,South Africa,ZAF,227,Western Cape,Beaufort West,Stols,Indian Ocean Coast,Gouritz,1992,,   0.888,0.0,,x,,,,,,,,,S,32,25,36,E,22,28,0,-32.427,22.467,53,,x,
Stompdrift,South Africa,ZAF,227,Western Cape,De Rust,Olifants,Indian Ocean Coast,Gouritz,1981,,   55.32,10.6,,x,,,,,,,,,S,33,30,42,E,22,35,7,-33.512,22.585,53,,x,
Strydom,South Africa,ZAF,227,Free State,Kroonstad,Vals,Orange Basin,Vaal,1952,,   0.363,0.0,,,x,,,,,,,,S,27,40,,E,27,13,,-27.667,27.217,53,,,
Strydpoort,South Africa,ZAF,227,Free State,Aliwal North,Sanddrifspruit,Orange Basin,Orange,1981,,   2.169,,,,,,,,,,,,S,30,32,20,E,26,36,21,-30.539,26.606,53,,x,
Sunnyside,South Africa,ZAF,227,Western Cape,Caledon,Riversonderend,Indian Ocean Coast,Breede,1969,,   0.478,0.0,,x,,,,,,,,,S,34,2,53,E,19,23,20,-34.048,19.389,53,,x,
Susandle,South Africa,ZAF,227,Northern Province,Ellisras,Palala,Limpopo Basin,Limpopo,1984,,   0.3,42.5,,,,,,,,,,,S,23,22,,E,28,1,,-23.367,28.017,53,,,
Swart,South Africa,ZAF,227,Western Cape,George,Swart,Indian Ocean Coast,Krom,1954,,   0.72,0.0,,,x,,,,,,,,S,33,53,,E,22,29,,-33.883,22.483,53,,,
Swartbos,South Africa,ZAF,227,Western Cape,Murraysburg,Kariega,Indian Ocean Coast,Gamtoos,1958,,   0.09,0.0,,x,,,,,,,,,S,31,58,6,E,23,28,55,-31.968,23.482,53,,x,
Swartruggens,South Africa,ZAF,227,North-west,Swartruggens,Elands,Limpopo Basin,Krokodil,1965,,   0.486,0.0,,,,,,,,,,,S,25,39,,E,26,41,,-25.650,26.683,53,,,
Syphon,South Africa,ZAF,227,Kwazulu-natal,Ndwedwe,Wewe,Indian Ocean Coast,Mgeni,1966,,   0.36,0.0,,,,,,,,,,,S,29,32,39,E,31,7,49,-29.544,31.130,53,,x,
Tankerton,South Africa,ZAF,227,Mpumalanga,Malelane,Crocodile,Indian Ocean Coast,Incomati,1950,,   0.85,0.0,,,,,,,,,,,S,25,26,,E,31,38,,-25.433,31.633,53,,,
Taung,South Africa,ZAF,227,,,Harts,,,,44,   6.6,,3700,,x,,,,,,,,S,27,31,32,E,24,51,16,-27.525,24.855,,3,,
Three Oaks,South Africa,ZAF,227,Western Cape,Riviersonderend,Sonderend,Indian Ocean Coast,Breede,1973,,   1.366,0.0,,x,,,,,,,,,S,34,5,2,E,19,41,33,-34.084,19.693,53,,x,
Three Sisters,South Africa,ZAF,227,Free State,Paul Roux,Sand,Orange Basin,Vaal,1967,,   1.17,0.0,,x,,,,,,,,,S,28,20,,E,27,58,,-28.333,27.967,53,,,
Three Valley,South Africa,ZAF,227,Western Cape,Grabouw,Krom,South Atlantic Coast,Groot Berg,1958,,   0.201,0.0,,,,,,,,,,,S,34,13,,E,19,6,,-34.217,19.100,53,,,
Threewaterskloof,South Africa,ZAF,227,Western Cape,Villersdrop,Sonderend,South Atlantic Coast,Groot Berg,1980,,   432.9,0.0,,x,x,,,,,,,,S,34,4,42,E,19,17,15,-34.078,19.288,53,,x,
Tierpoort,South Africa,ZAF,227,Free State,Bloemfontein,Kaffir,Orange Basin,Riet,1979,,   34.34,10.7,,,,,,,,,,,S,29,25,22,E,26,8,12,-29.423,26.137,53,,x,
Tlappeng,South Africa,ZAF,227,Southern,Mafikeng,Ramatlabama,Orange Basin,Molopo,,,,0.0,,,,,,,,,,,S,25,43,30,E,25,25,50,-25.725,25.431,53,,x,Lat/Long located inside Botswana
Toleni,South Africa,ZAF,227,Eastern Cape,Nqamakwe,Groot Kei,Indian Ocean Coast,Groot Kei,1971,,   0.251,0.0,,,,,,,,,,,S,32,22,26,E,27,58,41,-32.374,27.978,53,,x,
Tom Worthington,South Africa,ZAF,227,Kwazulu-natal,Dundee,Ngabiya,Indian Ocean Coast,Tugela,1956,,   1.89,0.0,,,x,,,,,,,,S,28,5,,E,30,9,,-28.083,30.150,53,,,
Tondeldoos,South Africa,ZAF,227,Mpumalanga,Roossenekal,Tondeldoos,Limpopo Basin,Elefantes,1980,,   0.172,1.1,,x,,,,,,,,,S,25,16,46,E,29,56,32,-25.279,29.942,53,,x,
Torquay,South Africa,ZAF,227,Northern Cape,Hopetown,Orange,Orange Basin,Orange,,,   391.6,0.0,,,,,,,,,,,S,29,17,,E,23,50,,-29.283,23.833,53,,,
Tours,South Africa,ZAF,227,,,Ngwabitsi,,,,,   15.56,,500,,,,,,,,,,S,24,5,58,E,30,15,16,-24.100,30.255,,3,,
Tshidilamolomo,South Africa,ZAF,227,Southern,Marachoona,Molopo,Orange Basin,Molopo,1967,,   0.5,0.0,,,,,,,,,,,S,25,49,,E,24,41,,-25.817,24.683,53,,,Lat/Long located inside Botswana
Tuinroete,South Africa,ZAF,227,Western Cape,George,Swart,Indian Ocean Coast,Krom,1980,39,   8.067,0.0,,,,,,,,,,,S,33,57,51,E,22,30,52,-33.964,22.514,"53, 54",,x,
Turfloop,South Africa,ZAF,227,Mpumalanga,Derwent,Turfloop,Limpopo Basin,Elefantes,,,,0.0,,,,,,,,,,,S,25,53,,E,29,46,,-25.883,29.767,53,,,
Twaalffontein,South Africa,ZAF,227,Western Cape,Franschoek,Bot,South Atlantic Coast,Groot Berg,1969,,   0.679,0.0,,x,,,,,,,,,S,34,4,8,E,19,10,16,-34.069,19.171,53,,x,
Tweespruit,South Africa,ZAF,227,Free State,Tweespruit,Klei Leeu,Orange Basin,Caledon,1925,,   0.444,0.0,,,,,,,,,,,S,29,10,10,E,27,3,13,-29.169,27.054,53,,x,
Twyfelspoort,South Africa,ZAF,227,North-west,Swartruggens,Sterkstroom,Limpopo Basin,Krokodil,1956,,   1.023,0.0,,,,,,,,,,,S,25,39,16,E,26,30,23,-25.654,26.506,53,,x,
Umgababa,South Africa,ZAF,227,Kwazulu-natal,Illovo,Umgababa,Indian Ocean Coast,Mgeni,1958,,   1.28,0.0,,,x,,,,,,,,S,30,8,53,E,30,48,34,-30.148,30.809,53,,x,
Umtata,South Africa,ZAF,227,Eastern Cape,Umtata,Umtata,Indian Ocean Coast,Mzimkulu,1977,,   255.9,0.0,,,,,,,,,,,S,31,30,53,E,28,40,13,-31.515,28.670,53,,x,
Umzimaai,South Africa,ZAF,227,Kwazulu-natal,Umzinto,Mzimayi,Indian Ocean Coast,Mgeni,1957,,   0.261,0.0,,,,,,,,,,,S,30,17,,E,30,43,,-30.283,30.717,53,,,
Umziniana,South Africa,ZAF,227,Eastern Cape,East London,Mziniana,Indian Ocean Coast,Groot Kei,1918,,   1.245,0.0,,,,,,,x,,,,S,32,59,10,E,27,49,8,-32.986,27.819,53,,x,
Uniefees,South Africa,ZAF,227,Free State,Heilbron,Elandspruit,Orange Basin,Vaal,1960,,   1.439,0.0,,,,,,,,,,,S,27,17,14,E,27,58,39,-27.287,27.978,53,,x,
Upper Steenbras,South Africa,ZAF,227,Western Cape,Gordons Bay,Steenbras,South Atlantic Coast,Groot Berg,1980,,   51.98,,,x,,,,,,,,,S,34,10,6,E,18,54,10,-34.168,18.903,53,,x,
Vaal,South Africa,ZAF,227,Gauteng,Deneysville,Vaal,Orange Basin,Vaal,1978,,  2 603.0,9.0,,,,,,,,,,,S,26,52,57,E,28,6,58,-26.883,28.116,53,,x,
Vaal Barrage,South Africa,ZAF,227,Free State,Vanderbijlpark,Vaal,Orange Basin,Vaal,1914,,   56.71,0.0,,,,,,,,,,,S,26,45,59,E,27,40,58,-26.766,27.683,53,,x,
Vaalbank,South Africa,ZAF,227,North-west,Coligny,Taaibesspruit,Orange Basin,Vaal,1935,,,0.0,,,,,,,,,,,S,26,23,50,E,26,27,0,-26.397,26.450,"53, 54",,,
Vaalbankspoort,South Africa,ZAF,227,Eastern Cape,Rouxville,Nuwejaarsspruit,Indian Ocean Coast,Mzimkulu,1955,,   0.6,0.0,,,,,,,,,,,S,30,31,,E,28,46,,-30.517,28.767,53,,,
Vaalhartz,South Africa,ZAF,227,Northern Cape,Christiana,Vaal,Orange Basin,Vaal,1979,,   51.06,43.4,,x,x,,,,,,,,S,28,6,55,E,24,55,33,-28.115,24.926,53,,x,
Vaalkop(1),South Africa,ZAF,227,Eastern Cape,Venterstad,Broekspruit,Orange Basin,Orange,1971,,   0.76,0.0,,x,x,,,,,,,,S,30,43,,E,25,55,,-30.717,25.917,53,,,
Vaalkop(2),South Africa,ZAF,227,North-west,Rustenburg,Elands,Limpopo Basin,Krokodil,1979,,   55.89,3.4,,x,,,,,,,,,S,25,18,31,E,27,28,27,-25.309,27.474,53,,x,
Valley,South Africa,ZAF,227,Northern Province,Potgieterrus,Mogoto,Limpopo Basin,Elefantes,1925,,   0.642,0.0,,,,,,,,,,,S,24,16,,E,29,13,,-24.267,29.217,53,,,
Valley Green,South Africa,ZAF,227,Western Cape,Grabouw,Krom,South Atlantic Coast,Groot Berg,1964,,   0.175,0.0,,,,,,,,,,,S,34,12,,E,19,2,,-34.200,19.033,53,,,
Van Der Merwe,South Africa,ZAF,227,Northern Cape,Sutherland,Kariega,Orange Basin,Sak,1955,,   0.313,0.0,,,,,,,,,,,S,32,0,,E,20,31,,-32.000,20.517,53,,,
Van Dyksdrif,South Africa,ZAF,227,Mpumalanga,Witbank,Great Olifants,Limpopo Basin,Elefantes,1948,,   0.567,0.0,,,,,,,,,,,S,26,4,56,E,29,17,54,-26.082,29.298,53,,x,
Van Niekerk Broer,South Africa,ZAF,227,Kwazulu-natal,Eshowe,Gola,Indian Ocean Coast,Mfolzi / Mkuze,1956,,   1.788,0.0,,x,,,,,,,,,S,28,54,52,E,31,30,1,-28.914,31.500,54,,,
Van Ryneveld's Pass,South Africa,ZAF,227,Eastern Cape,Graaff-Reinet,Sundays,Indian Ocean Coast,Sondags,1985,,   46.54,39.0,,x,,,,,,,,,S,32,14,7,E,24,31,44,-32.235,24.529,53,,x,
Van Stadensrus,South Africa,ZAF,227,Free State,Wepener,Caledon,Orange Basin,Caledon,,,   1.8,0.0,,,,,,,,,,,S,29,59,19,E,27,6,57,-29.989,27.116,53,,x,
Vanstadens (lower),South Africa,ZAF,227,Eastern Cape,Uitenhage,Vanstadens,Indian Ocean Coast,Sondags,1929,,   0.322,0.0,,,,,,,,,,,S,33,52,57,E,25,12,41,-33.883,25.211,53,,x,
Vanstadens (upper),South Africa,ZAF,227,Eastern Cape,Uitenhage,Vanstadens,Indian Ocean Coast,Sondags,1929,,   0.143,0.0,,,,,,,,,,,S,33,51,11,E,25,13,24,-33.853,25.223,53,,x,
Verdruk,South Africa,ZAF,227,Kwazulu-natal,Dundee,Ngobiya,Indian Ocean Coast,Tugela,1933,,   0.809,0.0,,,x,,,,,,,,S,28,5,,E,30,9,,-28.083,30.150,53,,,
Vergelegen,South Africa,ZAF,227,Northern Province,Tzaneen,Politsi,Limpopo Basin,Elefantes,1969,,   0.26,0.0,,,,,,,,,,,S,23,46,29,E,30,4,54,-23.775,30.082,53,,x,
Verkeerdevlei,South Africa,ZAF,227,Western Cape,Touwsriver,Donkies,Indian Ocean Coast,Gouritz,1989,,   5.535,0.0,,,,,,,,,,,S,33,19,55,E,19,52,53,-33.332,19.881,53,,x,
Versveld,South Africa,ZAF,227,Western Cape,Piketberg,Boesmans,South Atlantic Coast,Groot Berg,1968,,   0.313,0.0,,x,,,,,,,,,S,32,48,,E,18,44,,-32.800,18.733,53,,,
Victoria West,South Africa,ZAF,227,Northern Cape,Victoria West,Dorpspruit,Orange Basin,Brak,1954,,   3.66,10.7,,,x,,,,,,,,S,31,24,3,E,23,5,57,-31.401,23.099,53,,x,
Virginia,South Africa,ZAF,227,Free State,Virginia,Sand,Orange Basin,Vaal,1978,,   1.136,,,,,,,,x,,,,S,28,5,,E,26,50,,-28.083,26.833,53,,,
Vishgat,South Africa,ZAF,227,Northern Province,Ellisras,Palala,Limpopo Basin,Limpopo,1984,,   0.457,31.7,,,,,,,,,,,S,23,37,57,E,28,9,34,-23.633,28.159,53,,x,
Vlakfontein,South Africa,ZAF,227,Mpumalanga,Breyten,Vaal,Indian Ocean Coast,Maputo,1936,,   1.211,0.0,,,,,,,,,,,S,26,21,24,E,30,3,31,-26.357,30.059,53,,x,
Voelvlei,South Africa,ZAF,227,Western Cape,Gouda,Vogelvlei,South Atlantic Coast,Groot Berg,1977,,   168.2,5.0,,,,,,,,,,,S,33,24,12,E,19,2,46,-33.403,19.046,53,,x,
Vondo,South Africa,ZAF,227,,,Mutshindudi,,,,47,   30.32,,2100,x,x,,,,,,,,S,22,56,46,E,30,21,5,-22.946,30.351,,3,,
Voorburg,South Africa,ZAF,227,Northern Province,Messina,Sand,Limpopo Basin,Limpopo,1979,,   1.324,,,,,,,,,,,,S,22,34,,E,29,51,,-22.567,29.850,53,,,
Vrede,South Africa,ZAF,227,Free State,Vrede,Spruitsonderdrif,Orange Basin,Vaal,1951,,   1.389,0.0,,,,,,,,,,,S,27,26,22,E,29,11,45,-27.439,29.196,53,,x,
Vulgkraal,South Africa,ZAF,227,Mpumalanga,Roossenekal,Vulgkraal,Limpopo Basin,Elefantes,1980,,   0.455,0.0,,x,,,,,,,,,S,25,14,3,E,29,57,0,-25.234,29.950,53,,x,
Vygeboom,South Africa,ZAF,227,Mpumalanga,Badplaas,Komati,Indian Ocean Coast,Incomati,1983,,   83.89,2.8,,,x,,,,,,,,S,25,52,44,E,30,37,15,-25.879,30.621,53,,x,
Wagendrift,South Africa,ZAF,227,Kwazulu-natal,Estcourt,Boesmans,Indian Ocean Coast,Tugela,1983,,   58.37,2.7,,x,,,,,,,,,S,29,2,31,E,29,51,11,-29.042,29.853,53,,x,
Walkers,South Africa,ZAF,227,Western Cape,Beaufort West,Stolz,Indian Ocean Coast,Gouritz,1918,,   0.862,0.0,,,,,,,,,,,S,32,21,,E,22,29,,-32.350,22.483,53,,,
Wan Wyksvlei,South Africa,ZAF,227,Northern Cape,Wan Wyksvlei,Wan Wyksvlei,Orange Basin,Carnarvon Leegte,1979,,   143.1,1.6,,,,,,,,,,,S,30,22,45,E,21,48,41,-30.379,21.811,53,,x,
Warmbad,South Africa,ZAF,227,Northern Province,Warmbaths,Bufferlspoort,Limpopo Basin,Krokodil,1979,,   0.549,10.9,,x,,,,,,,,,S,24,50,41,E,28,14,15,-24.845,28.238,53,,x,
Waterdown,South Africa,ZAF,227,Eastern Cape,Cathcart,Klipplaat,Indian Ocean Coast,Groot Kei,1967,,   38.2,1.3,,x,x,,,,,,,,S,32,17,7,E,26,51,33,-32.285,26.859,53,,x,
Waterfall,South Africa,ZAF,227,Western Cape,Piketberg,Olifants,South Atlantic Coast,Olifants,1971,,   1.358,0.0,,,,,,,,,,,S,32,57,,E,19,13,,-32.950,19.217,53,,,
Waterkloof,South Africa,ZAF,227,Western Cape,Grabouw,Palmiet,South Atlantic Coast,Groot Berg,1962,,   1.919,0.0,,x,,,,,,,,,S,34,6,,E,19,7,,-34.100,19.117,53,,,
Waterval(1),South Africa,ZAF,227,Western Cape,Porterville,Langleegte,South Atlantic Coast,Olifants,1960,,   0.133,0.0,,,,,,,,,,,S,32,52,,E,19,19,,-32.867,19.317,53,,,
Waterval(2),South Africa,ZAF,227,Kwazulu-natal,,Sundays,,,,,,0.0,,,,,,,,,,,,,,,,,,,,,53,,,
Waterval(3),South Africa,ZAF,227,Western Cape,Franschhoek,Riversonderend,South Atlantic Coast,Groot Berg,1967,,,0.0,,,,,,,,,,,S,34,0,,E,19,16,,-34.000,19.267,53,,,
Welbedacht,South Africa,ZAF,227,Free State,Wepener,Caledon,Orange Basin,Caledon,1986,,   39.65,65.6,,x,x,,,,,,,,S,29,54,34,E,26,51,38,-29.909,26.861,53,,x,
Welgevonden,South Africa,ZAF,227,Northern Province,Naboomspruit,Sterk,Limpopo Basin,Elefantes,1977,,   0.679,3.7,,,,,,,,,,,S,24,28,,E,28,33,,-24.467,28.550,53,,x,
Weltevrede(1),South Africa,ZAF,227,Free State,Koppies,Leeuspruit,Orange Basin,Vaal,1978,,   1.842,36.8,,,,,,,,,,,S,27,13,20,E,27,34,13,-27.222,27.570,53,,x,
Weltevrede(2),South Africa,ZAF,227,Free State,Koppies,Heuningspruit,Orange Basin,Vaal,1965,,   0.601,0.0,,,,,,,,,,,S,27,27,31,E,27,30,35,-27.459,27.510,53,,x,
Wemmershoek,South Africa,ZAF,227,Western Cape,Franschhoek,Wemmershoek,South Atlantic Coast,Groot Berg,1984,,   58.8,1.8,,,x,,,,,,,,S,33,49,58,E,19,5,56,-33.833,19.099,53,,x,
Wentzel (Schweizer),South Africa,ZAF,227,North-west,Schweizer Reneke,Harts,Orange Basin,Vaal,1979,,   5.105,20.3,,,,,,,,,,,S,27,9,40,E,25,20,22,-27.161,25.339,53,,x,
Westoe,South Africa,ZAF,227,Mpumalanga,Amsterdam,Usutu,Indian Ocean Coast,Maputo,1980,,   61.01,0.1,,,x,,,,,,,,S,26,30,17,E,30,37,34,-26.505,30.626,53,,x,
Wewe,South Africa,ZAF,227,Kwazulu-natal,Ndwedwe,Wewe,Indian Ocean Coast,Mgeni,1965,,   2.313,0.0,,,,,,,,,,,S,29,31,55,E,31,8,23,-29.532,31.140,53,,x,
Whites,South Africa,ZAF,227,Free State,Wolmaransstad,Rietspruit,Orange Basin,Vaal,1960,,   1.143,0.0,,,,,,,,,,,S,28,1,14,E,26,59,49,-28.021,26.997,53,,x,
Wilgw,South Africa,ZAF,227,Free State,Harrismith,Platberg,Orange Basin,Vaal,,,   3.421,0.0,,,,,,,,,,,S,28,17,,E,29,12,,-28.283,29.200,53,,,
Willem Brummer,South Africa,ZAF,227,Mpumalanga,Ermelo,Klein Kaffir,Orange Basin,Vaal,1956,,   1.222,0.0,,,x,,,,,,,,S,26,71,,E,29,56,,-27.183,29.933,53,,,
Willows,South Africa,ZAF,227,Free State,Marquard,Meulspruit,Orange Basin,Vaal,1955,,   0.752,0.0,,,,,,,,,,,S,28,40,32,E,27,45,18,-28.676,27.755,53,,x,
Windsor,South Africa,ZAF,227,Kwazulu-natal,Ladysmith,Klip,Indian Ocean Coast,Tugela,1950,,   4.618,0.0,,,x,,,,,,,,S,28,30,,E,29,44,,-28.500,29.733,53,,,
Withbank,South Africa,ZAF,227,Mpumalanga,Withbank,Olifants,Limpopo Basin,Elefantes,1983,,   104.0,1.4,,,x,,,,,,,,S,25,53,27,E,29,18,17,-25.891,29.305,53,,x,
Withdam,South Africa,ZAF,227,,,Koekedouw,,,1973,,   0.91,0.0,,,,,,,,,,,,,,,,,,,,,53,,,
Witklip,South Africa,ZAF,227,Mpumalanga,White River,Sand,Indian Ocean Coast,Incomati,1979,,   12.97,1.1,,x,,,,,,,,,S,25,14,11,E,30,53,59,-25.236,30.900,53,,x,
Wolmaransstad,South Africa,ZAF,227,North-west,Wolmaransstad,Makwassiespruit,Orange Basin,Vaal,1910,,   0.835,0.0,,,,,,,,,,,S,27,10,,E,25,59,,-27.167,25.983,53,,,
Wolwas,South Africa,ZAF,227,,,,,,,,   1.136,0.0,,,,,,,,,,,,,,,,,,,,,53,,,
Wonderkop,South Africa,ZAF,227,Free State,Tweespruit,Klein Leeu,Orange Basin,Caledon,1925,,   0.945,0.0,,,,,,,,,,,S,29,15,49,E,27,6,26,-29.264,27.107,53,,x,
Woodbridge,South Africa,ZAF,227,Free State,Dewetsdrop,Klein Modder,Orange Basin,Riet,1955,,   0.95,0.0,,,,,,,,,,,S,29,24,57,E,26,48,53,-29.416,26.815,53,,x,
Woodhead,South Africa,ZAF,227,Western Cape,Cape Town,Table Mountain,South Atlantic Coast,Groot Berg,1897,,   0.927,0.0,,,x,,,,,,,,S,33,58,,E,18,25,,-33.967,18.417,53,,,
Woodstock,South Africa,ZAF,227,Kwazulu-natal,Bergville,Tugela,Indian Ocean Coast,Tugela,1982,,   381.0,0.0,,,x,,,,,,,,S,28,45,34,E,29,14,47,-28.759,29.246,53,,x,
Wunterset,South Africa,ZAF,227,Western Cape,Grabouw,Krom,South Atlantic Coast,Groot Berg,1973,,   1.384,0.0,,,,,,,,,,,S,34,15,,E,19,6,,-34.250,19.100,53,,,
Xonxa,South Africa,ZAF,227,Eastern Cape,Lady Frere,White Kei,Indian Ocean Coast,Groot Kei,1982,,   143.5,8.9,,,,,,,,,,,S,31,50,21,E,27,10,52,-31.839,27.181,53,,x,
Yamorna,South Africa,ZAF,227,Northern Province,Tzaneen,Great Letaba,Limpopo Basin,Elefantes,1970,,   0.997,0.0,,,,,,,,,,,S,23,50,,E,30,13,,-23.833,30.217,53,,,
Yas,South Africa,ZAF,227,Northern Cape,Augrabies,Orange,Orange Basin,Orange,1934,,   1.697,0.0,,,,,,,,,,,S,28,32,,E,19,40,,-28.533,19.667,53,,,
Ysterfontein,South Africa,ZAF,227,Eastern Cape,Molteno,Stormbergspruit,Orange Basin,Orange,1960,,   0.34,0.0,,x,,,,,,,,,S,31,11,,E,26,27,,-31.183,26.450,53,,,
Zandfontein,South Africa,ZAF,227,Western Cape,Riversdale,Weyers,Indian Ocean Coast,Gouritz,,,   5.221,0.0,,,,,,,,,,,S,34,1,,E,21,37,,-34.017,21.617,53,,,
Zastron,South Africa,ZAF,227,Free State,Zastron,,Orange Basin,Orange,1955,,   0.227,0.0,,,,,,,,,,,S,30,18,,E,27,4,,-30.300,27.067,53,,,
Zuurvlakte,South Africa,ZAF,227,Western Cape,Soetendal,Watervals,South Atlantic Coast,Groot Berg,,,,0.0,,,,,,,,,,,S,33,32,54,E,19,4,54,-33.548,19.082,53,,x,
Jebel Aulia (Jabal Awliya),Sudan,SDN,40764,Khartoum,Khartoum,White Nile,Nile Basin,White Nile,1937,22,  3 500.0,0.0, 122 000,x,,,x,,,,,,N,15,14,20,E,32,27,53,15.239,32.465,,,x,
Khashm El Gibra,Sudan,SDN,40764,Gadaref,New  Halfa,Atbara,Nile Basin,Nahr Atbarah,1964,35,  1 300.0,53.8, 315 000,x,,,x,,,,,,N,14,55,31,E,35,54,28,14.925,35.908,55,,x,
Roseires,Sudan,SDN,40764,Blue Nile,Damazin,Blue Nile,Nile Basin,Blue Nile,1966,60,  3 000.0,26.7,2 330 000,x,,,x,,,,,,N,11,47,54,E,34,23,18,11.798,34.388,55,,x,
Sennar,Sudan,SDN,40764,Sennar,Sennar,Blue Nile,Nile Basin,Blue Nile,1925,48,   930.0,35.5, 152 000,x,,,x,,,,,,N,13,32,51,E,33,38,6,13.548,33.635,55,,x,
Hawane,Swaziland,SWZ,235,Hhohho,Mbabane,Mbuluzi,Indian Ocean Coast,Incomati,1984,12,   2.75,,  700,,,,,,,,,,S,26,14,1,E,31,5,28,-26.234,31.091,,1,x,
Lavumisa,Swaziland,SWZ,235,Shiselweni,Lavumisa,Pongola Port,Indian Ocean Coast,Maputo,1996,16,   0.345,,  270,,,,,,,,,,S,27,16,28,E,31,56,52,-27.274,31.948,,1,x,
Luphphlo,Swaziland,SWZ,235,Hhohho,Mbabane,Lusutshwana,Indian Ocean Coast,Maputo,1984,45,   24.0,, 1 200,,,,x,,,,,,S,26,20,0,E,30,58,48,-26.333,30.980,,,,
Maguga,Swaziland,SWZ,235,Hhohho,Piggs Peak,Komati,Indian Ocean Coast,Incomati,2001,115,   332.0,, 10 420,,,,,,,,,,S,26,4,34,E,31,15,35,-26.076,31.260,,1,x,
Mnjoli,Swaziland,SWZ,235,Hhohho,Tshaneni,Black Umbeluzi,Indian Ocean Coast,Black Umbuluzi,1980,41,   153.0,, 14 800,x,,,,,,,,,S,26,8,41,E,31,40,8,-26.145,31.669,,,x,
Nyetane,Swaziland,SWZ,235,Lubombo,Siteki,Nyetane,Indian Ocean Coast,Maputo,1970,21,   6.78,, 1 368,x,,,,,,,,,S,26,38,0,E,31,57,24,-26.633,31.957,,,x,
Sand River,Swaziland,SWZ,235,Lubombo,Tshaneni,Komati,Indian Ocean Coast,Incomati,1966,25,   50.33,, 6 980,x,,,,,,,,,S,25,58,52,E,31,42,48,-25.981,31.713,,,x,
Sivunga,Swaziland,SWZ,235,Lubombo,Big Bend,Nyetane,Indian Ocean Coast,Maputo,1974,11,   5.92,, 1 200,x,,,,,,,,,S,26,40,12,E,31,58,22,-26.670,31.973,,,x,
Van Eck,Swaziland,SWZ,235,Lubombo,Big Bend,Great Usutu,Indian Ocean Coast,Maputo,1971,22,   9.865,, 1 450,x,,,,,,,,,S,26,46,23,E,31,55,46,-26.773,31.929,,,x,
Kprime,Togo,TGO,243,,Paline,Aka,,,1963,16,   0.9,,,,,,x,,,,,,,,,,,,,,,,,,,
Nangbeto,Togo,TGO,243,Plateaux,Atakapamé,Mono,West Coast,Mono,1987,44,  1 710.0,, 180 000,x,,,x,,,,,,N,7,32,0,E,1,5,20,7.533,1.089,,,,
Nasia,Togo,TGO,243,Savanes,Nasia,Nasia,West Coast,Oti,,,,,,,,,,,,,,,N,10,5,47,E,0,36,0,10.096,0.600,56,,,
White Volta,Togo,TGO,243,Savanes,Walewale,White Volta,West Coast,Oti,,,   6.569,,,,,,,,,,,,N,10,35,3,E,0,41,55,10.584,0.699,56,,,
Abdel Monem,Tunisia,TUN,248,Nabeul,Menzel Temime,Abdel Monem,Mediterranean Coast,Tunisian east coast,1964,18,   1.15,,  297,x,,,,,,,,,N,36,48,50,E,10,54,30,36.814,10.908,,,,
Ain Zerga,Tunisia,TUN,248,Kef,,,,,,,   0.7,,,,,,,,,,,,N,35,54,10,E,8,20,40,35.903,8.344,57,1,,
Ben Metir,Tunisia,TUN,248,Jendouba,Ain Bdraham,El Lil,Mediterranean Coast,Medjerda,1954,78,   73.0,, 3 500,x,x,,x,,,,,,N,36,44,38,E,8,43,24,36.744,8.723,,,x,
Beni Ata,Tunisia,TUN,248,Bizerte,Ras Djebel,Beni Ata,Mediterranean Coast,Algerian east coast,1964,16,   0.29,,  6,x,,,,,,,,,N,37,12,15,E,10,5,0,37.204,10.083,,1,,
Beni Ata Amont,Tunisia,TUN,248,Bizerte,Ras Djebel,Beni Ata,Mediterranean Coast,Algerian east coast,1982,17,   0.285,,  58,x,,,,,,,,,N,37,12,6,E,10,2,45,37.202,10.046,,1,x,Beni Ata and Beni Ata Amont could be the same
Bezirk,Tunisia,TUN,248,Nabeul,Menzel Bouzelfa,Bezirk,Mediterranean Coast,Tunisian east coast,1959,24,   6.5,, 1 030,x,,,,,,,,,N,36,43,11,E,10,37,38,36.720,10.627,,,x,
Bir M'cherga,Tunisia,TUN,248,Zaghouan,Zaghouan,Miliane,Mediterranean Coast,Tunisian east coast,1971,42,   160.0,, 20 000,x,,x,,,,,,,N,36,30,40,E,10,0,38,36.511,10.011,,,x,
Borj El Hammam,Tunisia,TUN,248,Jendouba,,,,,,,   0.22,,,,,,,,,,,,,,,,,,,,,,57,,,
Bou Heurtma,Tunisia,TUN,248,Jendouba,Jendouba,Bou Heurtma,Mediterranean Coast,Medjerda,1976,46,   117.5,, 8 000,x,,,,,,,,,N,36,30,30,E,8,47,50,36.508,8.797,,,,
Bou Zouara F4,Tunisia,TUN,248,Jendouba,,,,,,,   0.19,,,,,,,,,,,,,,,,,,,,,,57,,,
Bou Zouara F5,Tunisia,TUN,248,Jendouba,,,,,,,   0.21,,,,,,,,,,,,,,,,,,,,,,57,,,
Bou Zouara F6,Tunisia,TUN,248,Jendouba,,,,,,,   0.12,,,,,,,,,,,,,,,,,,,,,,57,,,
Chaab Ed Doud,Tunisia,TUN,248,Bizerte,Ras Djebel,Chaab Ed Doud,Mediterranean Coast,Algerian east coast,1964,20,   0.56,,  75,x,,,,,,,,,N,37,12,50,E,10,7,10,37.214,10.119,,1,,
Chiba,Tunisia,TUN,248,Nabeul,Korba,Chiba,Mediterranean Coast,Tunisian east coast,1963,34,   8.0,, 1 420,x,,,,,,,,,N,36,42,30,E,10,46,14,36.708,10.771,,,x,
Chouk El Felfel,Tunisia,TUN,248,Bizerte,Ras Djebel,Chouk El Felfel,Mediterranean Coast,Algerian east coast,1982,18,   0.26,,  43,x,,,,,,,,,N,37,12,45,E,10,6,50,37.213,10.114,,1,,
Djoumine,Tunisia,TUN,248,Bizerte,Mateur,Djoumine,Mediterranean Coast,Algerian east coast,1983,52,   130.0,, 6 510,x,,,,,,,,,N,36,57,38,E,9,32,41,36.961,9.545,,,x,
El Aroussia,Tunisia,TUN,248,Manouba,Tebourba,Medjerba,Mediterranean Coast,Medjerda,1957,26,   5.0,,  70,x,,,x,,,,,,N,36,46,54,E,9,47,41,36.782,9.795,,,x,
El Habib,Tunisia,TUN,248,Kairouan,Chebika,Merguelil,Mediterranean Coast,Tunisian east coast,1988,33,   110.0,, 12 000,x,x,x,,,,,,,N,35,38,10,E,9,39,40,35.636,9.661,,,,
El Kherba,Tunisia,TUN,248,Bizerte,Ras Djebel,El Kherba,Mediterranean Coast,Algerian east coast,1982,17,   0.64,,  160,x,,,,,,,,,N,37,12,10,E,10,10,0,37.203,10.167,,1,,
El Khobza,Tunisia,TUN,248,Béjà,,,,,,,   0.31,,,,,,,,,,,,,,,,,,,,,,57,,,
El Ougla,Tunisia,TUN,248,Zaghouan,Ennadhour,El Ougla,Mediterranean Coast,Tunisian east coast,1988,19,   5.31,,  910,x,,,,,,,,,N,36,8,54,E,10,13,0,36.148,10.217,,1,x,
Gastla,Tunisia,TUN,248,Sousse,Enfidha,Gastla,Mediterranean Coast,Tunisian east coast,1958,17,   0.62,,  75,x,,,,,,,,,N,36,8,38,E,10,18,40,36.144,10.311,,1,x,
G'dir El Goula,Tunisia,TUN,248,Tunis,Tunis,,,,1968,32,   2.8,,  70,,x,,,,,,,,,,,,,,,,,,,,,
Ghezala,Tunisia,TUN,248,Bizerte,Mateur,Ghezala,Mediterranean Coast,Algerian east coast,1984,40,   11.71,, 1 192,x,,,,,,,,,N,37,3,32,E,9,32,46,37.059,9.546,,,x,
Jedeliane,Tunisia,TUN,248,Kasserine,,,,,,,   2.0,,,,,,,,,,,,,,,,,,,,,,57,,,
Kasseb,Tunisia,TUN,248,Jendouba,Beja,Kasseb,Mediterranean Coast,Medjerda,1969,57,   81.0,, 4 300,,x,,x,,,,,,N,36,45,36,E,9,0,8,36.760,9.002,,,x,
Kebir,Tunisia,TUN,248,Zaghouan,Pont Du Fahs,Kebir,Mediterranean Coast,Tunisian east coast,1925,37,   26.0,100.0, 3 000,,x,,,,,,,,N,36,15,1,E,9,47,38,36.250,9.794,,,x,
Lakhmess,Tunisia,TUN,248,Siliana,Siliana,Lakhmess,Mediterranean Coast,Medjerda,1966,36,   8.0,, 1 020,x,,,,,,,,,N,36,0,30,E,9,22,0,36.008,9.367,,,,
Lebna,Tunisia,TUN,248,Nabeul,Menzel Temime,Lebna,Mediterranean Coast,Tunisian east coast,1986,20,   30.0,, 7 500,x,,,,,,,,,N,36,44,19,E,10,55,18,36.739,10.922,,,x,
Melloul,Tunisia,TUN,248,Nabeul,,,,,,,   0.32,,,,,,,,,,,,,,,,,,,,,,57,,,
M'laabi,Tunisia,TUN,248,Nabeul,Menzel Temime,M'laabi,Mediterranean Coast,Tunisian east coast,1965,17,   3.5,,  880,x,,,,,,,,,N,36,49,30,E,10,51,30,36.825,10.858,,,,
Mornaguia,Tunisia,TUN,248,Manouba,Mornaguia,,Mediterranean Coast,Medjerda,1982,33,   15.0,, 1 471,,x,,,,,,,,N,36,46,18,E,10,0,58,36.772,10.016,,,x,
Nacherine,Tunisia,TUN,248,Bizerte,Bizerte,Nacherine,Mediterranean Coast,Algerian east coast,1963,17,   0.46,,  157,,,,,,,,,x,N,37,2,40,E,9,51,52,37.044,9.864,,1,x,
Nasri,Tunisia,TUN,248,Ben Arous,Grombalia,Nasri,Mediterranean Coast,Tunisian east coast,1968,45,   7.0,,  660,x,,,,,,,,,N,36,35,15,E,10,18,14,36.588,10.304,,,x,
Nebeur,Tunisia,TUN,248,Le Kef,Kef,Mellegue,Mediterranean Coast,Medjerda,1954,72,   200.0,, 13 000,x,,x,x,,,,,,N,36,16,56,E,8,38,32,36.282,8.642,,,x,
Nebhana,Tunisia,TUN,248,Zaghouan,Kairouan,Nebhana,Mediterranean Coast,Tunisian east coast,1965,65,   86.0,, 5 320,x,,x,,,,,,,N,36,3,24,E,9,52,31,36.057,9.875,,,x,
Nechma,Tunisia,TUN,248,Bizerte,Tinja,,Mediterranean Coast,Algerian east coast,,,   0.57,,,,,,,,,,,,N,37,10,6,E,9,45,20,37.168,9.756,57,1,x,
Oued Barbara / Zouitine,Tunisia,TUN,248,Jendouba,Jendouba,,Mediterranean Coast,Medjerda,,,   58.0,,,x,x,,,,,,,,N,36,40,14,E,8,47,28,36.671,8.791,63,1,x,
Rehib,Tunisia,TUN,248,Bizerte,Ras Djebel,Rehib,Mediterranean Coast,Algerian east coast,1982,17,   0.363,,  87,x,,,,,,,,,N,37,10,30,E,10,12,5,37.175,10.201,,1,,
R'mel,Tunisia,TUN,248,Sousse,Hammamet,,Mediterranean Coast,Tunisian east coast,,,   57.0,,,x,,,,,,,,,N,36,12,30,E,10,28,30,36.208,10.475,,1,,
Sejnane,Tunisia,TUN,248,Bizerte,Sejnane,Sejnane,Mediterranean Coast,Algerian east coast,1990,59,   130.0,, 7 900,x,x,,,,,,,,N,37,10,52,E,9,28,28,37.181,9.474,,,x,
Sidi Aich,Tunisia,TUN,248,Gafsa,Gafsa,,North Interior,Chott Hodna,,,   53.0,,,x,,,,,,,,,N,34,26,,E,8,41,,34.433,8.683,63,1,x,
Sidi Djedidi,Tunisia,TUN,248,Nabeul,Hammamet,Sidi Djedidi,Mediterranean Coast,Tunisian east coast,1982,21,   3.5,,  750,x,,,,,,,,,N,36,26,56,E,10,30,39,36.449,10.511,,,x,
Sidi El Barrack,Tunisia,TUN,248,Beja,Tabarka,,Mediterranean Coast,Algerian east coast,,,   275.0,,,x,x,,,,,,,,N,37,1,27,E,8,56,13,37.024,8.937,64,1,x,
Sidi Sââd (Bourguiba A Sidi),Tunisia,TUN,248,Kairouan,Kairouan,Zeroud,Mediterranean Coast,Tunisian east coast,1981,70,   209.0,, 17 100,x,,x,,,,,,,N,35,31,40,E,9,59,30,35.528,9.992,,,,
Sidi Salem,Tunisia,TUN,248,Beja,Testour,Medjerba,Mediterranean Coast,Medjerda,1981,70,   555.0,, 45 000,x,x,x,x,,,,,,N,36,35,26,E,9,23,52,36.591,9.398,,,x,
Siliana,Tunisia,TUN,248,Siliana,Siliana,Siliana,Mediterranean Coast,Medjerda,1987,53,   70.0,, 6 000,x,,x,,,,,,,N,36,9,23,E,9,21,6,36.156,9.352,,,x,
Tahouna,Tunisia,TUN,248,Nabeul,Grombalia,Tahouna,Mediterranean Coast,Tunisian east coast,1966,20,   0.8,,  125,x,,,,,,,,,N,36,32,2,E,10,29,27,36.534,10.491,,1,x,
Tarfa,Tunisia,TUN,248,Bizerte,Mateur,,Mediterranean Coast,Algerian east coast,,,   0.35,,,,,,,,,,,,N,37,8,40,E,9,30,20,37.144,9.506,57,1,,
Tayania,Tunisia,TUN,248,Kef,,,,,,,   0.3,,,,,,,,,,,,,,,,,,,,,,57,,,
Tibar,Tunisia,TUN,248,Béjà,Fahs,,Mediterranean Coast,Medjerda,,,   4.7,,,,,,,,,,,,N,36,35,26,E,9,23,51,36.591,9.398,57,1,x,
Zeghab,Tunisia,TUN,248,,Bizerte,,Mediterranean Coast,,,,   0.14,,,,,,,,,,,,,,,,,,,,,,57,,,
Bujagali,Uganda,UGA,253,Jinja,Jinja,White Nile,Nile Basin,Victoria Nile,,,   0.75,,,,,,x,,,,,,N,0,29,49,E,33,8,21,0.497,33.139,58,,x,Agreement for construction signed on 13-12-2005
Owen Falls,Uganda,UGA,253,Jinja,Jinja,White Nile,Nile Basin,Victoria Nile,1954,30,  80 000.0,,26 560 000,x,,,x,,,,,,N,0,26,45,E,33,11,15,0.446,33.188,59,,x,Theoretically would allow rise of lake level of 3 m. Total capacity = 200 km3; Total Area = 66 400 km2; shared with Kenya & Tanzania. Assume 40% of capacity/area is for Uganda. No anthropogenic evaporation as lake existed.
Kidatu,United Republic of Tanzania,TZA,257,Morogoro,Kidatu,Rufiji,East Central Coast,Great Ruaha,1975,40,   125.0,,,,,,x,,,,,,S,7,38,15,E,36,54,50,-7.638,36.914,,1,,
Lower Kihansi,United Republic of Tanzania,TZA,257,,,Rufiji,,,,25,   1.0,,,,,,x,,,,,,,,,,,,,,,,,1,,
Mtera,United Republic of Tanzania,TZA,257,Iringa,Iringa,Great Ruaha,East Central Coast,Great Ruaha,1980,45,  3 200.0,,,,,,x,,,,,,S,7,8,12,E,35,59,15,-7.137,35.988,,,x,
Nyumba Ya Mungu,United Republic of Tanzania,TZA,257,Arusha,Same,Pangani,East Central Coast,Pangani,1966,42,   870.0,,,x,,,x,,,,,,S,3,36,36,E,37,27,29,-3.610,37.458,,,x,
Owen Falls,United Republic of Tanzania,TZA,257,,,White Nile,Nile Basin,Victoria Nile,1954,30,  100 000.0,,33 200 000,x,,,x,,,,,,N,0,26,45,E,33,11,15,0.446,33.188,59,,x,Theoretically would allow rise of lake level of 3 m. Total capacity = 200 km3; Total Area = 66 400 km2; shared with Uganda & Kenya. Assume 50% of capacity/area is for Tanzania. No anthropogenic evaporation as lake existed.
Itezhi-Tezhi,Zambia,ZMB,270,Southern,Lusaka,Kafue,Zambezi Basin,Kafue,1978,70,  4 925.0,,  375,,,,x,,,,,,S,15,46,30,E,28,7,0,-15.775,28.117,,,,
Kafue Gorge,Zambia,ZMB,270,Lusaka,Lusaka,Kafue,Zambezi Basin,Kafue,1971,53,   785.0,, 1 200,,,,x,,,,,,S,15,48,30,E,28,25,15,-15.808,28.421,,,x,
Kariba,Zambia,ZMB,270,Southern,Lusaka,Zambezi,Zambezi Basin,Zambezi,1959,128,  94 000.0,,2 550 000,,,,x,,,,,,S,16,31,20,E,28,45,43,-16.522,28.762,,,x,"Border with Zimbabwe, total capacity 2x94=188 km3, total area 2 550x2 = 5 100 km2"
Mita Hills,Zambia,ZMB,270,Central,Kabwe,Lunsemfwa,Zambezi Basin,Lusemfwa,,,  1 382.0,,,,,,,,,,,,S,14,13,49,E,29,8,36,-14.230,29.143,,1,x,
Mulungushi,Zambia,ZMB,270,Central,Broken Hill (Kabwe),Mulungushi,Zambezi Basin,Lusemfwa,1924,47,   41.4,,,,,,x,,,,,,S,14,41,58,E,28,49,19,-14.699,28.822,,,x,
Amapongokwe,Zimbabwe,ZWE,271,Midlands,Gweru,Mapongokwe,Indian Ocean Coast,Runde,1980,28,   40.0,, 5 300,,x,,,,,,,,S,19,47,41,E,29,50,23,-19.795,29.840,,,x,
Anchor Yeast (or Ngamo),Zimbabwe,ZWE,271,Midlands,Gweru,Ngamo,Zambezi Basin,Gwai,1975,15,   3.2,,  160,x,,,,,,,,,S,19,30,20,E,29,44,40,-19.506,29.744,,,,
Antelope (or Gulameta),Zimbabwe,ZWE,271,Matabeleland South,Bulawayo,Shasani,Limpopo Basin,Shashe,1971,23,   14.97,, 2 900,x,,,,,,,,,S,21,3,17,E,28,26,0,-21.055,28.433,,,x,
Arcadia,Zimbabwe,ZWE,271,,,Pote,,,,30,   55.0,,500,x,,,,,,,,,S,17,0,23,E,31,0,47,-17.006,31.013,,3,,
Bangala,Zimbabwe,ZWE,271,Masvingo,Masvingo,Mutirikwi,Indian Ocean Coast,Runde,1963,51,   130.0,, 11 330,x,,,,,,,,,S,20,41,42,E,31,13,56,-20.695,31.232,,,x,
Bangazaan,Zimbabwe,ZWE,271,Manicaland,Chipinge,Buzi,Indian Ocean Coast,Buzi,1987,27,   2.33,,  340,,x,,,,,,,,S,20,15,29,E,32,49,57,-20.258,32.833,,,x,
Beitbridge ORS II,Zimbabwe,ZWE,271,Northern Province,Beitbridge,,Limpopo Basin,Limpopo,1984,24,   5.575,, 1 040,,x,,,,,,,,S,22,13,35,E,29,59,27,-22.226,29.991,61,,x,Lat/Long located inside South Africa
Bert Hacking,Zimbabwe,ZWE,271,Mashonaland West,Karoi,Siwa,Zambezi Basin,Mapfure,1978,16,   4.4,, 1 050,x,,,,,,,,,S,17,3,0,E,29,32,0,-17.050,29.533,,,,
Bexhill,Zimbabwe,ZWE,271,Mashonaland West,Kadoma,Mombe,Zambezi Basin,Mapfure,,,,,,,,,,,,,,,S,18,27,40,E,30,13,10,-18.461,30.219,60,,,
Blackmore Vale,Zimbabwe,ZWE,271,Mashonaland West,Chegutu,Suri Suri,Zambezi Basin,Mapfure,1982,23,   17.5,,,x,,,,,,,,,S,18,8,40,E,30,2,30,-18.144,30.042,,,,
Blanket,Zimbabwe,ZWE,271,Matabeleland South,Gwanda,Mchabezi,Limpopo Basin,Shashe,1952,17,   5.3,, 1 170,x,,,,,,,,,S,20,51,58,E,28,57,20,-20.866,28.956,,,x,
Blockley,Zimbabwe,ZWE,271,Mashonaland West,Karoi,Mwami,Zambezi Basin,Angwa,1977,21,   4.85,,  900,,x,,,,,,,,S,16,45,0,E,29,50,40,-16.750,29.844,,,,
Bonisa,Zimbabwe,ZWE,271,Matabeleland North,Bulawayo,Mpopoma,Zambezi Basin,Gwai,,,   0.932,,,,,,,,,,,,S,20,0,10,E,28,22,25,-20.003,28.374,60,,x,
Brecon,Zimbabwe,ZWE,271,Mashonaland Central,Harare,Pote,Zambezi Basin,Mazowe,1985,29,   8.1,, 1 130,x,,,,,,,,,S,17,22,45,E,31,11,49,-17.379,31.197,,,x,
Bumururu,Zimbabwe,ZWE,271,Mashonaland Central,Centenary,Musengezi,Zambezi Basin,Zambezi,1977,16,   2.37,,  400,,x,,,,,,,,S,16,32,50,E,31,4,10,-16.547,31.069,,,,
Cactus Poort,Zimbabwe,ZWE,271,Midlands,Kwekwe,Kwekwe,Zambezi Basin,Mapfure,1944,18,   3.1,,  770,,x,,,,,,,,S,19,3,0,E,29,47,0,-19.050,29.783,,,x,
Cecilmour,Zimbabwe,ZWE,271,Mashonaland West,Mhangura,Rukute,Zambezi Basin,Angwa,1981,24,   3.8,,  600,x,,,,,,,,,S,16,46,40,E,30,14,40,-16.778,30.244,,,,
Charliesona,Zimbabwe,ZWE,271,Matabeleland North,Bulawayo,Bembesi,Zambezi Basin,Gwai,1973,17,   14.1,, 3 510,x,,,,,,,,,S,19,19,0,E,28,12,40,-19.317,28.211,,,,
Chimwemwe (or Marchlands),Zimbabwe,ZWE,271,Mashonaland West,Harare,Dondo,Zambezi Basin,Manyame,1971,18,   2.51,,  490,x,,,,,,,,,S,17,24,30,E,30,18,40,-17.408,30.311,,,,
Claremont,Zimbabwe,ZWE,271,Manicaland,Mutare,Maroro,Indian Ocean Coast,Odzi,1972,22,   2.5,,  260,x,,,,,,,,,S,19,4,40,E,32,28,50,-19.078,32.481,,,,
Claw,Zimbabwe,ZWE,271,Mashonaland West,Kadoma,Umsweswe,Zambezi Basin,Mapfure,1973,28,   67.3,, 4 850,,x,,,,,,,,S,18,26,51,E,29,52,7,-18.448,29.869,,,x,
Clifton ORS,Zimbabwe,ZWE,271,Mashonaland West,Chegutu,,Zambezi Basin,Mapfure,1987,19,   11.0,, 2 070,,x,,,,,,,,S,18,10,32,E,30,16,28,-18.176,30.274,62,,x,
Darwendale (or Robertson),Zimbabwe,ZWE,271,Mashonaland West,Harare,Manyame,Zambezi Basin,Manyame,1976,28,   490.0,, 81 000,x,,,,,,,,,S,17,49,17,E,30,30,19,-17.821,30.505,,,x,
Deanfield,Zimbabwe,ZWE,271,Midlands,Kwekwe,Ingwenya,Zambezi Basin,Gwai,,,,,,,,,,,,,,,S,19,11,10,E,29,34,50,-19.186,29.581,60,,,
Doddie Burn,Zimbabwe,ZWE,271,Matabeleland South,Bulawayo,Sibizini,Limpopo Basin,Limpopo,1955,19,   3.65,, 1 080,x,,,,,,,,,S,21,24,22,E,29,21,51,-21.406,29.364,,,x,
Doreens Pride,Zimbabwe,ZWE,271,Mashonaland West,Kadoma,Mfuti,Zambezi Basin,Mapfure,,,   5.282,,,,,,,,,,,,S,18,32,40,E,29,58,20,-18.544,29.972,60,,,
Driefontein,Zimbabwe,ZWE,271,Masvingo,Chtsworth,Shashe,Indian Ocean Coast,Runde,,,   38.26,,,,,,,,,,,,S,19,23,3,E,30,45,45,-19.384,30.763,60,,x,
Dutchman's Pool,Zimbabwe,ZWE,271,Midlands,Kwekwe,Sebakwe,Zambezi Basin,Mapfure,1954,22,   5.34,, 2 830,x,x,,,,,,,,S,18,51,40,E,29,50,39,-18.861,29.844,,,x,
Dzibadziba,Zimbabwe,ZWE,271,Matabeleland North,Lupane,Lupane,Zambezi Basin,Gwai,,,   0.5,,,,,,,,,,,,S,18,57,3,E,28,5,0,-18.951,28.083,60,,x,
Eben,Zimbabwe,ZWE,271,Mashonaland Central,Bindura,Umfurudzi,Zambezi Basin,Mazowe,1969,25,   12.73,, 2 050,x,x,,,,,,,,S,17,4,33,E,31,32,13,-17.076,31.537,,,x,
Eirene,Zimbabwe,ZWE,271,Mashonaland East,Marondera,Wenimbi,Indian Ocean Coast,Save,1987,20,   2.43,,  520,x,,,,,,,,,S,18,16,40,E,31,38,23,-18.278,31.640,,,x,
Endeavour,Zimbabwe,ZWE,271,Mashonaland West,Mhangura,Mvumi,Zambezi Basin,Angwa,1981,21,   2.64,,  520,x,,,,,,,,,S,16,51,50,E,30,1,30,-16.864,30.025,,,,
Esquilingwe,Zimbabwe,ZWE,271,Masvingo,Triangle,Muturikwi,Indian Ocean Coast,Runde,1961,15,   11.05,,,x,,,,,,,,,S,20,50,12,E,31,16,41,-20.837,31.278,,,x,
Exchange Block,Zimbabwe,ZWE,271,Midlands,Gweru,Gweru,Zambezi Basin,Gwai,1972,18,   9.18,, 3 230,x,x,,,,,,,,S,19,21,10,E,29,36,10,-19.353,29.603,,,,
Firhill,Zimbabwe,ZWE,271,Mashonaland Central,Mutorashanga,Gwatadzi,Zambezi Basin,Manyame,1985,20,   3.7,,  600,x,,,,,,,,,S,17,2,10,E,30,36,40,-17.036,30.611,,,,
Fundisi,Zimbabwe,ZWE,271,Matabeleland North,Bulawayo,Koce,Zambezi Basin,Gwai,,,   0.001,,,,,,,,,,,,S,19,56,50,E,28,38,58,-19.947,28.649,60,,x,
Gwenoro,Zimbabwe,ZWE,271,Midlands,Gweru,Runde,Indian Ocean Coast,Runde,1958,30,   32.05,, 4 660,,x,,,,,,,,S,19,46,3,E,29,52,34,-19.768,29.876,,,x,
Hale,Zimbabwe,ZWE,271,Mashonaland West,Harare,Gwebi,Zambezi Basin,Manyame,1978,16,   6.0,,,x,,,,,,,,,S,17,34,0,E,30,41,0,-17.567,30.683,,,,
Henry Hallam (or Prince Edward),Zimbabwe,ZWE,271,Mashonaland West,Harare,Manyame,Zambezi Basin,Mapfure,1973,18,   9.25,, 2 150,,x,,,,,,,,S,17,59,0,E,30,4,50,-17.983,30.081,,,,
Hunyani  Poort Lake Mcilwaine Res,Zimbabwe,ZWE,271,Mashonaland West,Harare,Manyame,Zambezi Basin,Manyame,1952,40,   250.0,, 26 300,x,x,,,,,,,,S,17,53,3,E,30,46,15,-17.884,30.771,,,x,
Impali,Zimbabwe,ZWE,271,Midlands,Shurugwi,Impali,Indian Ocean Coast,Runde,1973,18,   2.27,,  320,,x,,,,,,,,S,19,57,14,E,30,12,55,-19.954,30.215,,,x,
Ingwesi,Zimbabwe,ZWE,271,Matabeleland South,Plumtree,Ingwesi,Limpopo Basin,Shashe,1968,40,   69.81,, 8 500,x,,,,,,,,,S,21,1,12,E,27,54,3,-21.020,27.901,,,x,
Insukamini,Zimbabwe,ZWE,271,Midlands,Gweru,Ngamo,Zambezi Basin,Gwai,1987,18,   7.85,, 2 040,x,,,,,,,,,S,19,22,31,E,29,35,23,-19.375,29.590,,,x,
Inyankuni,Zimbabwe,ZWE,271,Matabeleland South,Bulawayo,Inyankuni,Limpopo Basin,Limpopo,1972,40,   81.8,,,,x,,,,,,,,S,20,22,3,E,29,7,17,-20.368,29.121,,,x,
Janeke,Zimbabwe,ZWE,271,Matabeleland North,Lupane,Lupane,Zambezi Basin,Gwai,,,   0.5,,,,,,,,,,,,S,18,58,11,E,28,17,22,-18.970,28.289,60,,x,
Kafusi,Zimbabwe,ZWE,271,Matabeleland South,Gwanda,Kafusi,Limpopo Basin,Shashe,,,   2.091,,,,,,,,,,,,S,21,35,38,E,28,46,6,-21.594,28.768,60,,x,
Kariba,Zimbabwe,ZWE,271,Southern,Harare,Zambezi,Zambezi Basin,Zambezi,1959,128,  94 000.0,,2 550 000,,,,x,,,,,,S,16,31,21,E,28,46,44,-16.523,28.779,,,x,"Border with Zambia, total capacity 2x94=188 km3, total area 2 550x2 = 5 100 km2"
Khami,Zimbabwe,ZWE,271,Bulawayo,Bulawayo,Khami,Zambezi Basin,Gwai,1928,26,   3.44,,  890,,x,,,,,,,,S,20,8,53,E,28,25,46,-20.148,28.429,,,x,
Kudzwe,Zimbabwe,ZWE,271,Mashonaland West,Karoi,Tr=Kudzwe,Zambezi Basin,Zambezi,1976,18,   2.1,,  540,,x,,,,,,,,S,16,52,46,E,29,25,19,-16.879,29.422,,,x,
Kyle,Zimbabwe,ZWE,271,Masvingo,Masvingo,Mutirikwi,Indian Ocean Coast,Runde,1960,67,  1 425.0,, 91 050,x,,,,,,,,,S,20,16,0,E,31,1,41,-20.267,31.028,,,x,
Lake Alice,Zimbabwe,ZWE,271,Matabeleland North,Lupane,Gwampa,Zambezi Basin,Gwai,,,   0.5,,,,,,,,,,,,S,19,1,51,E,28,13,6,-19.031,28.218,60,,x,
Lesapi,Zimbabwe,ZWE,271,Manicaland,Mutare,Lesapi,Indian Ocean Coast,Save,1972,41,   68.0,, 6 150,x,x,,,,,,,,S,18,32,51,E,32,5,41,-18.548,32.095,,,x,
Letsibogo,Zimbabwe,ZWE,271,,,Motloutse,,,,28,   103.7,,12900,,,,,,,,,,S,21,50,31,E,27,43,46,-21.842,27.730,,3,,
Longlands,Zimbabwe,ZWE,271,Mashonaland East,Marondera,Nyambuya,Zambezi Basin,Mazowe,1960,17,   2.27,, 1 090,x,x,,,,,,,,S,18,6,30,E,31,31,0,-18.108,31.517,,,,
Lower Umgusa,Zimbabwe,ZWE,271,Matabeleland North,Bulawayo,Umgusa,Zambezi Basin,Gwai,1936,20,   1.33,,  260,x,,,,,,,,,S,20,1,43,E,28,31,39,-20.029,28.528,,,x,
Mabgwe Matemba,Zimbabwe,ZWE,271,Midlands,Zvishavane,Mabgwe,Indian Ocean Coast,Runde,1967,17,   2.3,,  550,x,,,,,,,,,S,20,13,25,E,29,55,50,-20.224,29.931,,,x,
Machere (or Frogmore),Zimbabwe,ZWE,271,Mashonaland Central,Mvurwi,Ruya,Zambezi Basin,Mazowe,1981,20,   1.16,,,x,,,,,,,,,S,17,4,50,E,30,57,40,-17.081,30.961,,,,
Maitengwe,Zimbabwe,ZWE,271,Matabeleland South,Tshlotsho,,South Interior,Botletli,,,   68.15,,,,,,,,,,,,S,19,56,53,E,27,4,1,-19.948,27.067,60,,x,
Makashi,Zimbabwe,ZWE,271,Matabeleland South,Gwanda,Bubi,Limpopo Basin,Limpopo,1969,16,   3.27,,  940,x,,,,,,,,,S,20,53,30,E,29,9,20,-20.892,29.156,,,,
Mananda,Zimbabwe,ZWE,271,Matabeleland South,Bulawayo,Nata,South Interior,Botletli,1967,18,   11.45,, 3 160,x,,,,,,,,,S,20,12,57,E,28,2,58,-20.216,28.049,,,x,
Mangwe,Zimbabwe,ZWE,271,Matabeleland North,Bulawayo,Mangwe,Zambezi Basin,Gwai,1986,30,   9.6,, 1 670,,x,,,,,,,,S,19,45,31,E,28,24,43,-19.759,28.412,,,x,
Manjirenji Lake McDdougal,Zimbabwe,ZWE,271,Masvingo,Chiredzi,Chiredzi,Indian Ocean Coast,Runde,1967,51,   285.0,, 20 230,x,,,,,,,,,S,20,37,38,E,31,36,33,-20.627,31.609,,,x,
Manyuchi,Zimbabwe,ZWE,271,Masvingo,Zvishavane,Manyuchi,Limpopo Basin,Limpopo,1975,15,   3.28,,,x,,,,,,,,,S,21,4,52,E,30,25,38,-21.081,30.427,,,x,
Manyuchi II,Zimbabwe,ZWE,271,Masvingo,Rutenga,Mwenezi,Limpopo Basin,Limpopo,1989,41,   319.0,, 33 000,x,,,,,,,,,S,21,4,24,E,30,23,6,-21.073,30.385,,,x,
Masembura,Zimbabwe,ZWE,271,,,Pote,,,,42,   27.15,,900,x,,,,,,,,,S,17,6,32,E,31,1,16,-17.109,31.021,,3,,
Matopos,Zimbabwe,ZWE,271,Matabeleland South,Bulawayo,Ir=Maleme,Limpopo Basin,Shashe,1901,21,   4.3,,  670,x,,,,,,,,,S,20,22,50,E,28,30,50,-20.381,28.514,,,,
Mayfair,Zimbabwe,ZWE,271,Matabeleland South,Bulawayo,Insiza,Limpopo Basin,Limpopo,1976,44,   96.0,, 12 500,,x,,,,,,,,S,19,55,10,E,29,11,30,-19.919,29.192,,,,
Mazowe,Zimbabwe,ZWE,271,Mashonaland Central,Harare,Mazowe,Zambezi Basin,Mazowe,1920,37,   35.12,, 4 450,x,,,,,,,,,S,17,31,19,E,30,59,19,-17.522,30.989,,,x,
Mazwikadei,Zimbabwe,ZWE,271,Mashonaland West,Banket,Mukwadzi,Zambezi Basin,Manyame,1988,63,   365.0,, 23 000,x,,,,,,,,,S,17,13,14,E,30,23,12,-17.221,30.387,,,x,
Mbindangombe,Zimbabwe,ZWE,271,Masvingo,Masvingo,Turgwana,Indian Ocean Coast,Runde,1988,23,   22.6,, 3 150,x,x,,,,,,,,S,20,25,10,E,30,37,23,-20.419,30.623,,,x,
Mchingwe,Zimbabwe,ZWE,271,Matabeleland South,Zvishavane,,Indian Ocean Coast,Runde,,,   3.421,,,,,,,,,,,,S,20,14,10,E,29,33,20,-20.236,29.556,60,,,
Mhende,Zimbabwe,ZWE,271,Midlands,Gweru,Mhende,Zambezi Basin,Gwai,1972,15,   2.27,,  500,x,,,,,,,,,S,19,15,10,E,29,31,50,-19.253,29.531,,,,
Middle Gwina,Zimbabwe,ZWE,271,Mashonaland West,Chinhoyi,Gwina,Zambezi Basin,Manyame,1982,20,   3.6,,,x,,,,,,,,,S,17,14,20,E,30,16,20,-17.239,30.272,,,,
Mondynes,Zimbabwe,ZWE,271,,,Musengezi,,,,19,   4.5,,2500,x,,,,,,,,,S,16,59,37,E,30,49,32,-16.994,30.825,,3,,
Mpagama,Zimbabwe,ZWE,271,Matabeleland North,Lupane,Lupane,Zambezi Basin,Gwai,,,   0.5,,,,,,,,,,,,S,18,59,27,E,28,22,52,-18.991,28.381,60,,x,
Munzi,Zimbabwe,ZWE,271,Mashonaland Central,Bindura,Munzi,Zambezi Basin,Mazowe,1985,20,   3.41,, 1 350,x,,,,,,,,,S,17,1,58,E,31,12,4,-17.033,31.201,,,x,
Mushandike,Zimbabwe,ZWE,271,Masvingo,Zvishavane,Mushandike,Indian Ocean Coast,Runde,,,   38.26,,,,,,,,,,,,S,20,9,0,E,30,37,30,-20.150,30.625,60,,x,
Mushowe,Zimbabwe,ZWE,271,Mashonaland West,Karoi,Mchowe,Zambezi Basin,Mapfure,1982,16,   2.35,,  580,x,,,,,,,,,S,17,16,20,E,29,27,40,-17.272,29.461,,,,
Mwarazi,Zimbabwe,ZWE,271,Manicaland,Mutare,Mwarazi,Zambezi Basin,Mazowe,1971,31,   6.42,,  890,,x,,,,,,,,S,18,11,6,E,32,12,33,-18.185,32.209,,,x,
Mwenje Lake Noakes,Zimbabwe,ZWE,271,Mashonaland Central,Glendale,Mwenje,Zambezi Basin,Mazowe,1970,36,   42.03,, 4 760,x,x,,,,,,,,S,17,15,36,E,31,2,1,-17.260,31.034,,,x,
Ncema,Zimbabwe,ZWE,271,Matabeleland South,Bulawayo,Ncema,Limpopo Basin,Limpopo,1943,51,   18.24,, 1 520,,x,,,,,,,,S,20,21,49,E,29,0,57,-20.364,29.016,,,x,
Ngesi,Zimbabwe,ZWE,271,Mashonaland West,Chegutu,Ngesi,Zambezi Basin,Mapfure,1945,22,   26.8,, 5 800,x,,,,,,,,,S,18,42,31,E,31,23,3,-18.709,31.384,,,x,
Ngondoma,Zimbabwe,ZWE,271,Midlands,Kadoma,Ngondoma,Zambezi Basin,Mapfure,1967,22,   7.5,, 1 980,,x,,,,,,,,S,18,27,30,E,29,24,50,-18.458,29.414,,,x,
Ngwenya,Zimbabwe,ZWE,271,Matabeleland North,Bulawayo,,Zambezi Basin,Gwai,,,   1.359,,,,,,,,,,,,S,19,55,1,E,28,53,18,-19.917,28.888,60,,x,
Nkoni,Zimbabwe,ZWE,271,Matabeleland North,Lupane,Lupane,Zambezi Basin,Gwai,,,,,,,,,,,,,,,S,19,1,23,E,28,34,3,-19.023,28.568,60,,x,
Nova Doma,Zimbabwe,ZWE,271,Mashonaland Central,Centenary,Kamorirare,Zambezi Basin,Zambezi,1979,22,   1.81,,,x,,,,,,,,,S,16,39,15,E,31,5,43,-16.654,31.095,,,x,
Nyamaropa,Zimbabwe,ZWE,271,Manicaland,Mutare,Tr=Nyaruwaka,Indian Ocean Coast,Save,1975,21,   0.625,,  270,x,,,,,,,,,S,19,12,0,E,32,9,30,-19.200,32.158,,,x,
Nyatare,Zimbabwe,ZWE,271,Masvingo,Masvingo,Nyatare,Indian Ocean Coast,Runde,1985,16,   3.0,,  750,x,x,,,,,,,,S,20,18,0,E,31,26,0,-20.300,31.433,,,,
Odzani Lake Alexander,Zimbabwe,ZWE,271,Manicaland,Mutare,Odzani,Indian Ocean Coast,Odzi,1966,29,   6.71,,  740,,x,,,,,,,,S,18,49,65,E,32,41,18,-18.835,32.688,,,x,
Palawan,Zimbabwe,ZWE,271,Matabeleland South,Gweru,Ngesi,Indian Ocean Coast,Runde,1979,52,   74.0,, 5 650,,x,,,,,,,,S,20,8,1,E,29,48,38,-20.134,29.811,,,x,
Pampoenpoort,Zimbabwe,ZWE,271,Matabeleland North,Bulawayo,Koce,Zambezi Basin,Gwai,1970,22,   8.55,, 1 400,x,,,,,,,,,S,19,51,33,E,28,35,24,-19.859,28.590,,,x,
Pioneer (or Makado),Zimbabwe,ZWE,271,Matabeleland South,Gwanda,Umtsabezi,Limpopo Basin,Limpopo,1968,16,   10.91,,,x,,,,,,,,,S,21,28,26,E,29,39,46,-21.474,29.663,,,x,
Questeds,Zimbabwe,ZWE,271,Matabeleland South,Plumtree,Tegwani,South Interior,Botletli,,,   1.333,,,,,,,,,,,,S,20,25,30,E,27,49,50,-20.425,27.831,60,,x,
Range,Zimbabwe,ZWE,271,Mashonaland East,Chivu,Sebakwe,Zambezi Basin,Mapfure,1968,15,   3.9,, 1 090,,x,,,,,,,,S,19,0,3,E,31,0,38,-19.001,31.011,,,x,
Rarie,Zimbabwe,ZWE,271,Mashonaland East,Harare,Susuje,Zambezi Basin,Mazowe,1985,20,   3.3,,  650,x,,,,,,,,,S,17,41,50,E,31,13,0,-17.697,31.217,,,,
Ratelshoek,Zimbabwe,ZWE,271,Manicaland,Chipinge,Chibudzana,Indian Ocean Coast,Buzi,1985,26,   2.92,,  400,x,,,,,,,,,S,20,14,32,E,32,49,37,-20.242,32.827,,,x,
Rhino,Zimbabwe,ZWE,271,Midlands,Kwekwe,Rhino,Zambezi Basin,Mapfure,,,   2.55,,,,,,,,,,,,S,18,49,43,E,29,37,18,-18.829,29.622,60,,x,
Ripple Creek,Zimbabwe,ZWE,271,Matabeleland South,Bulawayo,Bubi,Limpopo Basin,Limpopo,1964,18,   4.06,, 2 650,,x,,,,,,,,S,21,19,51,E,29,56,0,-21.331,29.933,,,x,
Rixon,Zimbabwe,ZWE,271,Matabeleland South,Bulawayo,Insiza,Limpopo Basin,Limpopo,1968,23,   9.13,, 2 500,x,,,,,,,,,S,20,0,47,E,29,12,16,-20.013,29.204,,,x,
Rufaro,Zimbabwe,ZWE,271,Mashonaland East,Marondera,Nyambuya,Zambezi Basin,Mazowe,1985,28,   5.5,,  820,,x,,,,,,,,S,17,59,0,E,31,30,40,-17.983,31.511,,,,
Ruti,Zimbabwe,ZWE,271,Masvingo,Masvingo,Nyazvidzi,Indian Ocean Coast,Devuri,1976,34,   132.0,,,x,,,,,,,,,S,19,34,40,E,31,44,5,-19.578,31.735,,,x,
Saruwe,Zimbabwe,ZWE,271,Mashonaland West,Chegutu,Saruwe,Zambezi Basin,Mapfure,1984,22,   13.0,, 2 230,x,,,,,,,,,S,18,6,25,E,30,23,21,-18.107,30.389,,,x,
Sebakwe,Zimbabwe,ZWE,271,Midlands,Kwekwe,Sebakwe,Zambezi Basin,Mapfure,1957,47,   265.7,, 23 000,x,x,,,,,,,,S,19,1,7,E,30,13,18,-19.019,30.222,,,x,
Silalabuhwa,Zimbabwe,ZWE,271,Matabeleland South,Bulawayo,Insiza,Limpopo Basin,Limpopo,1967,30,   23.45,, 4 050,x,,,,,,,,,S,20,46,41,E,29,21,47,-20.778,29.363,,,x,
Siya,Zimbabwe,ZWE,271,Masvingo,Masvingo,Turgwe,Indian Ocean Coast,Runde,1976,66,   109.0,, 8 100,x,,,,,,,,,S,20,9,50,E,31,20,40,-20.164,31.344,,,,
Smallbridge,Zimbabwe,ZWE,271,Manicaland,Mutare,Odzani,Indian Ocean Coast,Odzi,1985,30,   15.3,, 1 750,,x,,,,,,,,S,18,46,43,E,32,29,10,-18.779,32.486,,,x,
Strathlorne,Zimbabwe,ZWE,271,Mashonaland Central,Harare,Umwindsi,Zambezi Basin,Mazowe,1986,22,   4.8,, 1 040,x,,,,,,,,,S,17,24,30,E,31,37,20,-17.408,31.622,,,,
Suri Suri,Zimbabwe,ZWE,271,Mashonaland West,Chegutu,Suri Suri,Zambezi Basin,Mapfure,1971,17,   9.09,, 2 130,x,x,,,,,,,,S,18,5,9,E,29,58,40,-18.086,29.978,,,x,
Tamba,Zimbabwe,ZWE,271,Matabeleland South,West Nicholson,Tshabi,Limpopo Basin,Limpopo,,,   0.027,,,,,,,,,,,,S,21,16,50,E,29,35,20,-21.281,29.589,60,,,
Thornville,Zimbabwe,ZWE,271,Matabeleland South,Plumtree,Sibankatzi,Limpopo Basin,Shashe,1967,22,   3.45,, 1 010,x,,,,,,,,,S,21,2,46,E,28,8,46,-21.046,28.146,,,x,
Tiyabenzi,Zimbabwe,ZWE,271,Midlands,Gweru,Shangani,Zambezi Basin,Gwai,1972,27,   14.43,, 3 120,,x,,,,,,,,S,19,34,52,E,29,17,43,-19.581,29.295,,,x,
Tokwe Weir,Zimbabwe,ZWE,271,Masvingo,Triangle,Tokwe,Indian Ocean Coast,Runde,1965,16,   9.82,, 3 450,x,,,,,,,,,S,21,2,11,E,31,9,25,-21.036,31.157,,,x,
Tongwe,Zimbabwe,ZWE,271,Matabeleland South,Beitbridge,Tongwe,Limpopo Basin,Limpopo,,,   38.26,,,,,,,,,,,,S,21,56,3,E,29,58,52,-21.934,29.981,60,,x,
Tuinplaats,Zimbabwe,ZWE,271,Mashonaland West,Banket,Dora,Zambezi Basin,Manyame,1967,20,   1.59,,  350,x,,,,,,,,,S,16,57,0,E,30,29,50,-16.950,30.497,,,,
Tuli Makwe,Zimbabwe,ZWE,271,Matabeleland South,Gwanda,Tuli,Limpopo Basin,Shashe,1966,31,   8.33,, 1 660,x,,,,,,,,,S,20,57,39,E,28,48,12,-20.961,28.803,,,x,
Two Tree,Zimbabwe,ZWE,271,Mashonaland West,Mhangura,Munwa,Zambezi Basin,Angwa,1982,21,   14.3,,,x,,,,,,,,,S,17,0,26,E,30,3,34,-17.007,30.059,,,x,
Uhlawe,Zimbabwe,ZWE,271,Matabeleland North,Lupane,Gwampa,Zambezi Basin,Gwai,,,,,,,,,,,,,,,S,19,4,18,E,28,24,46,-19.072,28.413,60,,x,
Umhlangwa,Zimbabwe,ZWE,271,Matabeleland South,Plumtree,Umhlangwa,Limpopo Basin,Shashe,1971,16,   4.31,,  760,,x,,,,,,,,S,20,34,9,E,27,53,25,-20.569,27.890,,,x,
Umrodzi,Zimbabwe,ZWE,271,Mashonaland Central,Glendale,Umrodzi,Zambezi Basin,Mazowe,1983,24,   19.6,, 3 200,x,,,,,,,,,S,17,20,15,E,30,59,49,-17.338,30.997,,,x,
Umshandige,Zimbabwe,ZWE,271,Masvingo,Masvingo,Umshandige,Indian Ocean Coast,Runde,1938,38,   38.26,, 4 370,x,,,,,,,,,S,19,57,35,E,30,28,11,-19.960,30.470,,,x,
Umzingwane,Zimbabwe,ZWE,271,Matabeleland South,Bulawayo,Umzingwane,Limpopo Basin,Limpopo,1958,38,   57.0,, 4 560,,x,,,,,,,,S,20,23,36,E,28,58,27,-20.393,28.974,,,x,
Upper Ncema,Zimbabwe,ZWE,271,Matabeleland South,Bulawayo,Ncema,Limpopo Basin,Limpopo,1973,36,   45.46,, 7 690,,x,,,,,,,,S,20,18,13,E,28,59,12,-20.304,28.987,,,x,
Upper Umgusa,Zimbabwe,ZWE,271,Bulawayo,Bulawayo,Umgusa,Zambezi Basin,Gwai,1947,16,   3.04,,  770,x,,,,,,,,,S,20,3,13,E,28,33,55,-20.054,28.565,,,x,
Walton,Zimbabwe,ZWE,271,Mashonaland Central,Bindura,Munzi,Zambezi Basin,Mazowe,1986,21,   5.2,, 1 200,x,,,,,,,,,S,16,54,29,E,31,13,17,-16.908,31.221,,,x,
Whitewaters,Zimbabwe,ZWE,271,Midlands,Gweru,Kwekwe,Zambezi Basin,Mapfure,1948,15,   4.79,, 1 520,,x,,,,,,,,S,19,19,42,E,29,59,35,-19.328,29.993,,,x,
Woodlands,Zimbabwe,ZWE,271,Masvingo,Masvingo,Munendi,Indian Ocean Coast,Runde,1978,17,   2.5,,,,x,,,,,,,,S,20,1,10,E,30,54,20,-20.019,30.906,,,,
Zwelabo,Zimbabwe,ZWE,271,Matabeleland North,Lupane,Lupane,Zambezi Basin,Gwai,,,   0.9,,,,,,,,,,,,S,19,0,38,E,28,29,53,-19.011,28.498,60,,x,
,,,,,,,,,,,,,,,,,,,,,,,,,,,,,,,,,,,,
,,,,,,,,,,,,,,,,,,,,,,,,,,,,,,,,,,,,
Empty cell means no information or data available,,,,,,,,,,,,,,,,,,,,,,,,,,,,,,,,,,,,
